participantId,sessionId,taskPhase,conditionName,interactionCondition,layoutPreset,trialIndexInCondition,globalTrialIndex,targetDisplayId,targetPositionId,targetLocalX,targetLocalY,targetSize,attemptIndex,clickedDisplayId,clickedLocalX,clickedLocalY,resultType,isCorrect,displayError,targetError,miss,advancesTrial,directSelect,trialStartTime,clickTime,responseTime,timestamp,sourceFile
P000,S000,MainTask,ConditionB,ExplicitDisplayFocus,StrongOcclusion,1,49,Display_A_Front,Display_A_Front_C1_R1,0.25,0.22,0.1,1,Display_A_Front,0.242,0.215,Correct,1,0,0,0,1,0,32.479,33.857,1.378,2026-05-20T14:49:44.5876050+09:00,Logs/Quest/t1_results_P000_S000_20260520_144939.csv
P000,S000,MainTask,ConditionB,ExplicitDisplayFocus,StrongOcclusion,2,50,Display_A_Front,Display_A_Front_C2_R1,0.75,0.22,0.1,1,Display_A_Front,0.733,0.182,Correct,1,0,0,0,1,0,33.857,35.361,1.504,2026-05-20T14:49:46.0918910+09:00,Logs/Quest/t1_results_P000_S000_20260520_144939.csv
P000,S000,MainTask,ConditionB,ExplicitDisplayFocus,StrongOcclusion,3,51,Display_A_Front,Display_A_Front_C1_R2,0.25,0.5,0.1,1,Display_A_Front,0.243,0.513,Correct,1,0,0,0,1,0,35.361,36.447,1.085,2026-05-20T14:49:47.1766230+09:00,Logs/Quest/t1_results_P000_S000_20260520_144939.csv
P000,S000,MainTask,ConditionB,ExplicitDisplayFocus,StrongOcclusion,4,52,Display_A_Front,Display_A_Front_C2_R2,0.75,0.5,0.1,1,Display_A_Front,0.748,0.489,Correct,1,0,0,0,1,0,36.447,37.31,0.864,2026-05-20T14:49:48.0404660+09:00,Logs/Quest/t1_results_P000_S000_20260520_144939.csv
P000,S000,MainTask,ConditionB,ExplicitDisplayFocus,StrongOcclusion,5,53,Display_A_Front,Display_A_Front_C1_R3,0.25,0.78,0.1,1,Display_A_Front,0.249,0.786,Correct,1,0,0,0,1,0,37.31,38.3,0.989,2026-05-20T14:49:49.0300830+09:00,Logs/Quest/t1_results_P000_S000_20260520_144939.csv
P000,S000,MainTask,ConditionB,ExplicitDisplayFocus,StrongOcclusion,6,54,Display_A_Front,Display_A_Front_C2_R3,0.75,0.78,0.1,1,Display_A_Front,0.743,0.754,Correct,1,0,0,0,1,0,38.3,39.371,1.071,2026-05-20T14:49:50.1018840+09:00,Logs/Quest/t1_results_P000_S000_20260520_144939.csv
P000,S000,MainTask,ConditionB,ExplicitDisplayFocus,StrongOcclusion,7,55,Display_B_Back,Display_B_Back_C1_R1,0.25,0.22,0.1,1,Display_B_Back,0.229,0.227,Correct,1,0,0,0,1,0,39.371,40.401,1.03,2026-05-20T14:49:51.1321110+09:00,Logs/Quest/t1_results_P000_S000_20260520_144939.csv
P000,S000,MainTask,ConditionB,ExplicitDisplayFocus,StrongOcclusion,8,56,Display_B_Back,Display_B_Back_C2_R1,0.75,0.22,0.1,1,Display_B_Back,0.758,0.216,Correct,1,0,0,0,1,0,40.401,41.389,0.988,2026-05-20T14:49:52.1192840+09:00,Logs/Quest/t1_results_P000_S000_20260520_144939.csv
P000,S000,MainTask,ConditionB,ExplicitDisplayFocus,StrongOcclusion,9,57,Display_B_Back,Display_B_Back_C1_R2,0.25,0.5,0.1,1,Display_B_Back,0.239,0.496,Correct,1,0,0,0,1,0,41.389,42.505,1.115,2026-05-20T14:49:53.2347690+09:00,Logs/Quest/t1_results_P000_S000_20260520_144939.csv
P000,S000,MainTask,ConditionB,ExplicitDisplayFocus,StrongOcclusion,10,58,Display_B_Back,Display_B_Back_C2_R2,0.75,0.5,0.1,1,Display_B_Back,0.737,0.495,Correct,1,0,0,0,1,0,42.505,43.354,0.849,2026-05-20T14:49:54.0836000+09:00,Logs/Quest/t1_results_P000_S000_20260520_144939.csv
P000,S000,MainTask,ConditionB,ExplicitDisplayFocus,StrongOcclusion,11,59,Display_B_Back,Display_B_Back_C1_R3,0.25,0.78,0.1,1,Display_B_Back,0.228,0.766,Correct,1,0,0,0,1,0,43.354,44.16,0.807,2026-05-20T14:49:54.8905540+09:00,Logs/Quest/t1_results_P000_S000_20260520_144939.csv
P000,S000,MainTask,ConditionB,ExplicitDisplayFocus,StrongOcclusion,12,60,Display_B_Back,Display_B_Back_C2_R3,0.75,0.78,0.1,1,Display_B_Back,0.748,0.764,Correct,1,0,0,0,1,0,44.16,45.009,0.849,2026-05-20T14:49:55.7396110+09:00,Logs/Quest/t1_results_P000_S000_20260520_144939.csv
P000,S000,MainTask,ConditionB,ExplicitDisplayFocus,StrongOcclusion,13,61,Display_A_Front,Display_A_Front_C1_R1,0.25,0.22,0.1,1,Display_A_Front,0.251,0.229,Correct,1,0,0,0,1,0,45.009,46.694,1.685,2026-05-20T14:49:57.4245130+09:00,Logs/Quest/t1_results_P000_S000_20260520_144939.csv
P000,S000,MainTask,ConditionB,ExplicitDisplayFocus,StrongOcclusion,14,62,Display_A_Front,Display_A_Front_C2_R1,0.75,0.22,0.1,1,Display_A_Front,0.76,0.254,Correct,1,0,0,0,1,0,46.694,48.462,1.768,2026-05-20T14:49:59.1920010+09:00,Logs/Quest/t1_results_P000_S000_20260520_144939.csv
P000,S000,MainTask,ConditionB,ExplicitDisplayFocus,StrongOcclusion,15,63,Display_A_Front,Display_A_Front_C1_R2,0.25,0.5,0.1,1,Display_A_Front,0.25,0.487,Correct,1,0,0,0,1,0,48.462,49.534,1.072,2026-05-20T14:50:00.2650560+09:00,Logs/Quest/t1_results_P000_S000_20260520_144939.csv
P000,S000,MainTask,ConditionB,ExplicitDisplayFocus,StrongOcclusion,16,64,Display_A_Front,Display_A_Front_C2_R2,0.75,0.5,0.1,1,Display_A_Front,0.76,0.501,Correct,1,0,0,0,1,0,49.534,50.926,1.392,2026-05-20T14:50:01.6562620+09:00,Logs/Quest/t1_results_P000_S000_20260520_144939.csv
P000,S000,MainTask,ConditionB,ExplicitDisplayFocus,StrongOcclusion,17,65,Display_A_Front,Display_A_Front_C1_R3,0.25,0.78,0.1,1,Display_A_Front,0.248,0.766,Correct,1,0,0,0,1,0,50.926,51.831,0.905,2026-05-20T14:50:02.5614700+09:00,Logs/Quest/t1_results_P000_S000_20260520_144939.csv
P000,S000,MainTask,ConditionB,ExplicitDisplayFocus,StrongOcclusion,18,66,Display_A_Front,Display_A_Front_C2_R3,0.75,0.78,0.1,1,Display_A_Front,0.74,0.752,Correct,1,0,0,0,1,0,51.831,52.834,1.003,2026-05-20T14:50:03.5655550+09:00,Logs/Quest/t1_results_P000_S000_20260520_144939.csv
P000,S000,MainTask,ConditionB,ExplicitDisplayFocus,StrongOcclusion,19,67,Display_B_Back,Display_B_Back_C1_R1,0.25,0.22,0.1,1,Display_B_Back,0.246,0.229,Correct,1,0,0,0,1,0,52.834,54.004,1.17,2026-05-20T14:50:04.7338700+09:00,Logs/Quest/t1_results_P000_S000_20260520_144939.csv
P000,S000,MainTask,ConditionB,ExplicitDisplayFocus,StrongOcclusion,20,68,Display_B_Back,Display_B_Back_C2_R1,0.75,0.22,0.1,1,Display_B_Back,0.749,0.214,Correct,1,0,0,0,1,0,54.004,55.02,1.017,2026-05-20T14:50:05.7506030+09:00,Logs/Quest/t1_results_P000_S000_20260520_144939.csv
P000,S000,MainTask,ConditionB,ExplicitDisplayFocus,StrongOcclusion,21,69,Display_B_Back,Display_B_Back_C1_R2,0.25,0.5,0.1,1,Display_B_Back,0.282,0.494,Correct,1,0,0,0,1,0,55.02,56.049,1.029,2026-05-20T14:50:06.7797770+09:00,Logs/Quest/t1_results_P000_S000_20260520_144939.csv
P000,S000,MainTask,ConditionB,ExplicitDisplayFocus,StrongOcclusion,22,70,Display_B_Back,Display_B_Back_C2_R2,0.75,0.5,0.1,1,Display_B_Back,0.741,0.499,Correct,1,0,0,0,1,0,56.049,56.983,0.933,2026-05-20T14:50:07.7127720+09:00,Logs/Quest/t1_results_P000_S000_20260520_144939.csv
P000,S000,MainTask,ConditionB,ExplicitDisplayFocus,StrongOcclusion,23,71,Display_B_Back,Display_B_Back_C1_R3,0.25,0.78,0.1,1,Display_B_Back,0.244,0.804,Correct,1,0,0,0,1,0,56.983,57.902,0.919,2026-05-20T14:50:08.6320640+09:00,Logs/Quest/t1_results_P000_S000_20260520_144939.csv
P000,S000,MainTask,ConditionB,ExplicitDisplayFocus,StrongOcclusion,24,72,Display_B_Back,Display_B_Back_C2_R3,0.75,0.78,0.1,1,Display_B_Back,0.747,0.797,Correct,1,0,0,0,1,0,57.902,58.848,0.946,2026-05-20T14:50:09.5785180+09:00,Logs/Quest/t1_results_P000_S000_20260520_144939.csv
P000,S000,MainTask,ConditionB,ExplicitDisplayFocus,StrongOcclusion,25,73,Display_A_Front,Display_A_Front_C1_R1,0.25,0.22,0.1,1,Display_A_Front,0.254,0.226,Correct,1,0,0,0,1,0,58.848,60.045,1.197,2026-05-20T14:50:10.7757600+09:00,Logs/Quest/t1_results_P000_S000_20260520_144939.csv
P000,S000,MainTask,ConditionB,ExplicitDisplayFocus,StrongOcclusion,26,74,Display_A_Front,Display_A_Front_C2_R1,0.75,0.22,0.1,1,Display_A_Front,0.778,0.211,Correct,1,0,0,0,1,0,60.045,60.95,0.905,2026-05-20T14:50:11.6813570+09:00,Logs/Quest/t1_results_P000_S000_20260520_144939.csv
P000,S000,MainTask,ConditionB,ExplicitDisplayFocus,StrongOcclusion,27,75,Display_A_Front,Display_A_Front_C1_R2,0.25,0.5,0.1,1,Display_A_Front,0.263,0.477,Correct,1,0,0,0,1,0,60.95,62.552,1.602,2026-05-20T14:50:13.2827160+09:00,Logs/Quest/t1_results_P000_S000_20260520_144939.csv
P000,S000,MainTask,ConditionB,ExplicitDisplayFocus,StrongOcclusion,28,76,Display_A_Front,Display_A_Front_C2_R2,0.75,0.5,0.1,1,Display_A_Front,0.774,0.504,Correct,1,0,0,0,1,0,62.552,63.401,0.848,2026-05-20T14:50:14.1319170+09:00,Logs/Quest/t1_results_P000_S000_20260520_144939.csv
P000,S000,MainTask,ConditionB,ExplicitDisplayFocus,StrongOcclusion,29,77,Display_A_Front,Display_A_Front_C1_R3,0.25,0.78,0.1,1,Display_A_Front,0.258,0.764,Correct,1,0,0,0,1,0,63.401,64.181,0.78,2026-05-20T14:50:14.9109790+09:00,Logs/Quest/t1_results_P000_S000_20260520_144939.csv
P000,S000,MainTask,ConditionB,ExplicitDisplayFocus,StrongOcclusion,30,78,Display_A_Front,Display_A_Front_C2_R3,0.75,0.78,0.1,1,Display_A_Front,0.74,0.785,Correct,1,0,0,0,1,0,64.181,65.072,0.891,2026-05-20T14:50:15.8018910+09:00,Logs/Quest/t1_results_P000_S000_20260520_144939.csv
P000,S000,MainTask,ConditionB,ExplicitDisplayFocus,StrongOcclusion,31,79,Display_B_Back,Display_B_Back_C1_R1,0.25,0.22,0.1,1,Display_B_Back,0.241,0.227,Correct,1,0,0,0,1,0,65.072,66.227,1.155,2026-05-20T14:50:16.9570310+09:00,Logs/Quest/t1_results_P000_S000_20260520_144939.csv
P000,S000,MainTask,ConditionB,ExplicitDisplayFocus,StrongOcclusion,32,80,Display_B_Back,Display_B_Back_C2_R1,0.75,0.22,0.1,1,Display_B_Back,0.732,0.242,Correct,1,0,0,0,1,0,66.227,67.105,0.878,2026-05-20T14:50:17.8351390+09:00,Logs/Quest/t1_results_P000_S000_20260520_144939.csv
P000,S000,MainTask,ConditionB,ExplicitDisplayFocus,StrongOcclusion,33,81,Display_B_Back,Display_B_Back_C1_R2,0.25,0.5,0.1,1,Display_B_Back,0.268,0.484,Correct,1,0,0,0,1,0,67.105,68.121,1.016,2026-05-20T14:50:18.8516490+09:00,Logs/Quest/t1_results_P000_S000_20260520_144939.csv
P000,S000,MainTask,ConditionB,ExplicitDisplayFocus,StrongOcclusion,34,82,Display_B_Back,Display_B_Back_C2_R2,0.75,0.5,0.1,1,Display_B_Back,0.742,0.478,Correct,1,0,0,0,1,0,68.121,69.138,1.016,2026-05-20T14:50:19.8676550+09:00,Logs/Quest/t1_results_P000_S000_20260520_144939.csv
P000,S000,MainTask,ConditionB,ExplicitDisplayFocus,StrongOcclusion,35,83,Display_B_Back,Display_B_Back_C1_R3,0.25,0.78,0.1,1,Display_B_Back,0.272,0.789,Correct,1,0,0,0,1,0,69.138,69.917,0.779,2026-05-20T14:50:20.6471840+09:00,Logs/Quest/t1_results_P000_S000_20260520_144939.csv
P000,S000,MainTask,ConditionB,ExplicitDisplayFocus,StrongOcclusion,36,84,Display_B_Back,Display_B_Back_C2_R3,0.75,0.78,0.1,1,Display_B_Back,0.757,0.754,Correct,1,0,0,0,1,0,69.917,70.753,0.836,2026-05-20T14:50:21.4829290+09:00,Logs/Quest/t1_results_P000_S000_20260520_144939.csv
P000,S000,MainTask,ConditionB,ExplicitDisplayFocus,StrongOcclusion,37,85,Display_A_Front,Display_A_Front_C1_R1,0.25,0.22,0.1,1,Display_A_Front,0.24,0.18,Correct,1,0,0,0,1,0,70.753,72.06,1.308,2026-05-20T14:50:22.7905600+09:00,Logs/Quest/t1_results_P000_S000_20260520_144939.csv
P000,S000,MainTask,ConditionB,ExplicitDisplayFocus,StrongOcclusion,38,86,Display_A_Front,Display_A_Front_C2_R1,0.75,0.22,0.1,1,Display_A_Front,0.752,0.211,Correct,1,0,0,0,1,0,72.06,72.896,0.836,2026-05-20T14:50:23.6259910+09:00,Logs/Quest/t1_results_P000_S000_20260520_144939.csv
P000,S000,MainTask,ConditionB,ExplicitDisplayFocus,StrongOcclusion,39,87,Display_A_Front,Display_A_Front_C1_R2,0.25,0.5,0.1,1,Display_A_Front,0.267,0.486,Correct,1,0,0,0,1,0,72.896,73.912,1.016,2026-05-20T14:50:24.6420870+09:00,Logs/Quest/t1_results_P000_S000_20260520_144939.csv
P000,S000,MainTask,ConditionB,ExplicitDisplayFocus,StrongOcclusion,40,88,Display_A_Front,Display_A_Front_C2_R2,0.75,0.5,0.1,1,Display_A_Front,0.754,0.495,Correct,1,0,0,0,1,0,73.912,74.748,0.836,2026-05-20T14:50:25.4778430+09:00,Logs/Quest/t1_results_P000_S000_20260520_144939.csv
P000,S000,MainTask,ConditionB,ExplicitDisplayFocus,StrongOcclusion,41,89,Display_A_Front,Display_A_Front_C1_R3,0.25,0.78,0.1,1,Display_A_Front,0.243,0.801,Correct,1,0,0,0,1,0,74.748,75.792,1.044,2026-05-20T14:50:26.5217800+09:00,Logs/Quest/t1_results_P000_S000_20260520_144939.csv
P000,S000,MainTask,ConditionB,ExplicitDisplayFocus,StrongOcclusion,42,90,Display_A_Front,Display_A_Front_C2_R3,0.75,0.78,0.1,1,Display_A_Front,0.757,0.759,Correct,1,0,0,0,1,0,75.792,77.212,1.42,2026-05-20T14:50:27.9421240+09:00,Logs/Quest/t1_results_P000_S000_20260520_144939.csv
P000,S000,MainTask,ConditionB,ExplicitDisplayFocus,StrongOcclusion,43,91,Display_B_Back,Display_B_Back_C1_R1,0.25,0.22,0.1,1,Display_B_Back,0.246,0.239,Correct,1,0,0,0,1,0,77.212,78.938,1.726,2026-05-20T14:50:29.6683480+09:00,Logs/Quest/t1_results_P000_S000_20260520_144939.csv
P000,S000,MainTask,ConditionB,ExplicitDisplayFocus,StrongOcclusion,44,92,Display_B_Back,Display_B_Back_C2_R1,0.75,0.22,0.1,1,Display_B_Back,0.75,0.208,Correct,1,0,0,0,1,0,78.938,79.775,0.836,2026-05-20T14:50:30.5048150+09:00,Logs/Quest/t1_results_P000_S000_20260520_144939.csv
P000,S000,MainTask,ConditionB,ExplicitDisplayFocus,StrongOcclusion,45,93,Display_B_Back,Display_B_Back_C1_R2,0.25,0.5,0.1,1,Display_B_Back,0.218,0.516,Correct,1,0,0,0,1,0,79.775,82.405,2.631,2026-05-20T14:50:33.1354800+09:00,Logs/Quest/t1_results_P000_S000_20260520_144939.csv
P000,S000,MainTask,ConditionB,ExplicitDisplayFocus,StrongOcclusion,46,94,Display_B_Back,Display_B_Back_C2_R2,0.75,0.5,0.1,1,Display_B_Back,0.738,0.485,Correct,1,0,0,0,1,0,82.405,83.379,0.974,2026-05-20T14:50:34.1093130+09:00,Logs/Quest/t1_results_P000_S000_20260520_144939.csv
P000,S000,MainTask,ConditionB,ExplicitDisplayFocus,StrongOcclusion,47,95,Display_B_Back,Display_B_Back_C1_R3,0.25,0.78,0.1,1,Display_B_Back,0.251,0.76,Correct,1,0,0,0,1,0,83.379,84.772,1.392,2026-05-20T14:50:35.5021790+09:00,Logs/Quest/t1_results_P000_S000_20260520_144939.csv
P000,S000,MainTask,ConditionB,ExplicitDisplayFocus,StrongOcclusion,48,96,Display_B_Back,Display_B_Back_C2_R3,0.75,0.78,0.1,1,Display_B_Back,0.75,0.787,Correct,1,0,0,0,1,0,84.772,85.872,1.1,2026-05-20T14:50:36.6019110+09:00,Logs/Quest/t1_results_P000_S000_20260520_144939.csv
P000,S000,MainTask,ConditionA,RaycastBaseline,StrongOcclusion,1,1,Display_A_Front,Display_A_Front_C1_R1,0.25,0.22,0.1,1,Display_A_Front,0.238,0.212,Correct,1,0,0,0,1,0,95.923,96.912,0.988,2026-05-20T14:50:47.6419640+09:00,Logs/Quest/t1_results_P000_S000_20260520_145043.csv
P000,S000,MainTask,ConditionA,RaycastBaseline,StrongOcclusion,2,2,Display_A_Front,Display_A_Front_C2_R1,0.75,0.22,0.1,1,Display_A_Front,0.735,0.237,Correct,1,0,0,0,1,0,96.912,97.804,0.892,2026-05-20T14:50:48.5337980+09:00,Logs/Quest/t1_results_P000_S000_20260520_145043.csv
P000,S000,MainTask,ConditionA,RaycastBaseline,StrongOcclusion,3,3,Display_A_Front,Display_A_Front_C1_R2,0.25,0.5,0.1,1,Display_A_Front,0.253,0.491,Correct,1,0,0,0,1,0,97.804,98.583,0.779,2026-05-20T14:50:49.3134630+09:00,Logs/Quest/t1_results_P000_S000_20260520_145043.csv
P000,S000,MainTask,ConditionA,RaycastBaseline,StrongOcclusion,4,4,Display_A_Front,Display_A_Front_C2_R2,0.75,0.5,0.1,1,Display_A_Front,0.747,0.476,Correct,1,0,0,0,1,0,98.583,99.376,0.794,2026-05-20T14:50:50.1062060+09:00,Logs/Quest/t1_results_P000_S000_20260520_145043.csv
P000,S000,MainTask,ConditionA,RaycastBaseline,StrongOcclusion,5,5,Display_A_Front,Display_A_Front_C1_R3,0.25,0.78,0.1,1,Display_A_Front,0.241,0.778,Correct,1,0,0,0,1,0,99.376,100.17,0.794,2026-05-20T14:50:50.9008040+09:00,Logs/Quest/t1_results_P000_S000_20260520_145043.csv
P000,S000,MainTask,ConditionA,RaycastBaseline,StrongOcclusion,6,6,Display_A_Front,Display_A_Front_C2_R3,0.75,0.78,0.1,1,Display_A_Front,0.73,0.768,Correct,1,0,0,0,1,0,100.17,100.963,0.793,2026-05-20T14:50:51.6935310+09:00,Logs/Quest/t1_results_P000_S000_20260520_145043.csv
P000,S000,MainTask,ConditionA,RaycastBaseline,StrongOcclusion,7,7,Display_B_Back,Display_B_Back_C1_R1,0.25,0.22,0.1,1,Display_B_Back,0.237,0.192,Correct,1,0,0,0,1,0,100.963,101.91,0.947,2026-05-20T14:50:52.6402280+09:00,Logs/Quest/t1_results_P000_S000_20260520_145043.csv
P000,S000,MainTask,ConditionA,RaycastBaseline,StrongOcclusion,8,8,Display_B_Back,Display_B_Back_C2_R1,0.75,0.22,0.1,1,Display_B_Back,0.75,0.207,Correct,1,0,0,0,1,0,101.91,102.759,0.849,2026-05-20T14:50:53.4891170+09:00,Logs/Quest/t1_results_P000_S000_20260520_145043.csv
P000,S000,MainTask,ConditionA,RaycastBaseline,StrongOcclusion,9,9,Display_B_Back,Display_B_Back_C1_R2,0.25,0.5,0.1,1,Display_B_Back,0.244,0.501,Correct,1,0,0,0,1,0,102.759,103.608,0.849,2026-05-20T14:50:54.3385210+09:00,Logs/Quest/t1_results_P000_S000_20260520_145043.csv
P000,S000,MainTask,ConditionA,RaycastBaseline,StrongOcclusion,10,10,Display_B_Back,Display_B_Back_C2_R2,0.75,0.5,0.1,1,Display_B_Back,0.746,0.455,Correct,1,0,0,0,1,0,103.608,104.277,0.668,2026-05-20T14:50:55.0069820+09:00,Logs/Quest/t1_results_P000_S000_20260520_145043.csv
P000,S000,MainTask,ConditionA,RaycastBaseline,StrongOcclusion,11,11,Display_B_Back,Display_B_Back_C1_R3,0.25,0.78,0.1,1,Display_B_Back,0.235,0.789,Correct,1,0,0,0,1,0,104.277,105.057,0.78,2026-05-20T14:50:55.7866890+09:00,Logs/Quest/t1_results_P000_S000_20260520_145043.csv
P000,S000,MainTask,ConditionA,RaycastBaseline,StrongOcclusion,12,12,Display_B_Back,Display_B_Back_C2_R3,0.75,0.78,0.1,1,Display_B_Back,0.741,0.789,Correct,1,0,0,0,1,0,105.057,105.961,0.905,2026-05-20T14:50:56.6914880+09:00,Logs/Quest/t1_results_P000_S000_20260520_145043.csv
P000,S000,MainTask,ConditionA,RaycastBaseline,StrongOcclusion,13,13,Display_A_Front,Display_A_Front_C1_R1,0.25,0.22,0.1,1,Display_A_Front,0.241,0.238,Correct,1,0,0,0,1,0,105.961,107.187,1.226,2026-05-20T14:50:57.9175360+09:00,Logs/Quest/t1_results_P000_S000_20260520_145043.csv
P000,S000,MainTask,ConditionA,RaycastBaseline,StrongOcclusion,14,14,Display_A_Front,Display_A_Front_C2_R1,0.75,0.22,0.1,1,Display_A_Front,0.731,0.227,Correct,1,0,0,0,1,0,107.187,108.022,0.835,2026-05-20T14:50:58.7523160+09:00,Logs/Quest/t1_results_P000_S000_20260520_145043.csv
P000,S000,MainTask,ConditionA,RaycastBaseline,StrongOcclusion,15,15,Display_A_Front,Display_A_Front_C1_R2,0.25,0.5,0.1,1,Display_A_Front,0.253,0.455,Correct,1,0,0,0,1,0,108.022,108.816,0.794,2026-05-20T14:50:59.5464250+09:00,Logs/Quest/t1_results_P000_S000_20260520_145043.csv
P000,S000,MainTask,ConditionA,RaycastBaseline,StrongOcclusion,16,16,Display_A_Front,Display_A_Front_C2_R2,0.75,0.5,0.1,1,Display_A_Front,0.729,0.485,Correct,1,0,0,0,1,0,108.816,109.442,0.626,2026-05-20T14:51:00.1723250+09:00,Logs/Quest/t1_results_P000_S000_20260520_145043.csv
P000,S000,MainTask,ConditionA,RaycastBaseline,StrongOcclusion,17,17,Display_A_Front,Display_A_Front_C1_R3,0.25,0.78,0.1,1,Display_A_Front,0.244,0.757,Correct,1,0,0,0,1,0,109.442,110.056,0.614,2026-05-20T14:51:00.7861180+09:00,Logs/Quest/t1_results_P000_S000_20260520_145043.csv
P000,S000,MainTask,ConditionA,RaycastBaseline,StrongOcclusion,18,18,Display_A_Front,Display_A_Front_C2_R3,0.75,0.78,0.1,1,Display_A_Front,0.733,0.781,Correct,1,0,0,0,1,0,110.056,110.778,0.722,2026-05-20T14:51:01.5104410+09:00,Logs/Quest/t1_results_P000_S000_20260520_145043.csv
P000,S000,MainTask,ConditionA,RaycastBaseline,StrongOcclusion,19,19,Display_B_Back,Display_B_Back_C1_R1,0.25,0.22,0.1,1,Display_B_Back,0.254,0.216,Correct,1,0,0,0,1,0,110.778,111.739,0.961,2026-05-20T14:51:02.4692780+09:00,Logs/Quest/t1_results_P000_S000_20260520_145043.csv
P000,S000,MainTask,ConditionA,RaycastBaseline,StrongOcclusion,20,20,Display_B_Back,Display_B_Back_C2_R1,0.75,0.22,0.1,1,Display_B_Back,0.725,0.215,Correct,1,0,0,0,1,0,111.739,112.505,0.766,2026-05-20T14:51:03.2350820+09:00,Logs/Quest/t1_results_P000_S000_20260520_145043.csv
P000,S000,MainTask,ConditionA,RaycastBaseline,StrongOcclusion,21,21,Display_B_Back,Display_B_Back_C1_R2,0.25,0.5,0.1,1,Display_B_Back,0.245,0.486,Correct,1,0,0,0,1,0,112.505,113.215,0.71,2026-05-20T14:51:03.9449940+09:00,Logs/Quest/t1_results_P000_S000_20260520_145043.csv
P000,S000,MainTask,ConditionA,RaycastBaseline,StrongOcclusion,22,22,Display_B_Back,Display_B_Back_C2_R2,0.75,0.5,0.1,2,Display_B_Back,0.737,0.486,Correct,1,0,0,0,1,0,113.215,114.329,1.114,2026-05-20T14:51:05.0594830+09:00,Logs/Quest/t1_results_P000_S000_20260520_145043.csv
P000,S000,MainTask,ConditionA,RaycastBaseline,StrongOcclusion,23,23,Display_B_Back,Display_B_Back_C1_R3,0.25,0.78,0.1,1,Display_B_Back,0.253,0.774,Correct,1,0,0,0,1,0,114.329,115.095,0.766,2026-05-20T14:51:05.8252850+09:00,Logs/Quest/t1_results_P000_S000_20260520_145043.csv
P000,S000,MainTask,ConditionA,RaycastBaseline,StrongOcclusion,24,24,Display_B_Back,Display_B_Back_C2_R3,0.75,0.78,0.1,1,Display_B_Back,0.775,0.791,Correct,1,0,0,0,1,0,115.095,115.708,0.612,2026-05-20T14:51:06.4378920+09:00,Logs/Quest/t1_results_P000_S000_20260520_145043.csv
P000,S000,MainTask,ConditionA,RaycastBaseline,StrongOcclusion,25,25,Display_A_Front,Display_A_Front_C1_R1,0.25,0.22,0.1,1,Display_A_Front,0.244,0.215,Correct,1,0,0,0,1,0,115.708,116.57,0.863,2026-05-20T14:51:07.3003570+09:00,Logs/Quest/t1_results_P000_S000_20260520_145043.csv
P000,S000,MainTask,ConditionA,RaycastBaseline,StrongOcclusion,26,26,Display_A_Front,Display_A_Front_C2_R1,0.75,0.22,0.1,1,Display_A_Front,0.719,0.214,Correct,1,0,0,0,1,0,116.57,117.253,0.683,2026-05-20T14:51:07.9829430+09:00,Logs/Quest/t1_results_P000_S000_20260520_145043.csv
P000,S000,MainTask,ConditionA,RaycastBaseline,StrongOcclusion,27,27,Display_A_Front,Display_A_Front_C1_R2,0.25,0.5,0.1,1,Display_A_Front,0.256,0.505,Correct,1,0,0,0,1,0,117.253,118.088,0.835,2026-05-20T14:51:08.8180800+09:00,Logs/Quest/t1_results_P000_S000_20260520_145043.csv
P000,S000,MainTask,ConditionA,RaycastBaseline,StrongOcclusion,28,28,Display_A_Front,Display_A_Front_C2_R2,0.75,0.5,0.1,1,Display_A_Front,0.753,0.465,Correct,1,0,0,0,1,0,118.088,118.811,0.724,2026-05-20T14:51:09.5416950+09:00,Logs/Quest/t1_results_P000_S000_20260520_145043.csv
P000,S000,MainTask,ConditionA,RaycastBaseline,StrongOcclusion,29,29,Display_A_Front,Display_A_Front_C1_R3,0.25,0.78,0.1,1,Display_A_Front,0.262,0.758,Correct,1,0,0,0,1,0,118.811,119.536,0.725,2026-05-20T14:51:10.2662710+09:00,Logs/Quest/t1_results_P000_S000_20260520_145043.csv
P000,S000,MainTask,ConditionA,RaycastBaseline,StrongOcclusion,30,30,Display_A_Front,Display_A_Front_C2_R3,0.75,0.78,0.1,1,Display_A_Front,0.743,0.782,Correct,1,0,0,0,1,0,119.536,120.386,0.849,2026-05-20T14:51:11.1159330+09:00,Logs/Quest/t1_results_P000_S000_20260520_145043.csv
P000,S000,MainTask,ConditionA,RaycastBaseline,StrongOcclusion,31,31,Display_B_Back,Display_B_Back_C1_R1,0.25,0.22,0.1,3,Display_B_Back,0.247,0.201,Correct,1,0,0,0,1,0,120.386,122.696,2.311,2026-05-20T14:51:13.4261000+09:00,Logs/Quest/t1_results_P000_S000_20260520_145043.csv
P000,S000,MainTask,ConditionA,RaycastBaseline,StrongOcclusion,32,32,Display_B_Back,Display_B_Back_C2_R1,0.75,0.22,0.1,1,Display_B_Back,0.755,0.212,Correct,1,0,0,0,1,0,122.696,123.518,0.822,2026-05-20T14:51:14.2485720+09:00,Logs/Quest/t1_results_P000_S000_20260520_145043.csv
P000,S000,MainTask,ConditionA,RaycastBaseline,StrongOcclusion,33,33,Display_B_Back,Display_B_Back_C1_R2,0.25,0.5,0.1,1,Display_B_Back,0.257,0.451,Correct,1,0,0,0,1,0,123.518,124.27,0.752,2026-05-20T14:51:15.0005020+09:00,Logs/Quest/t1_results_P000_S000_20260520_145043.csv
P000,S000,MainTask,ConditionA,RaycastBaseline,StrongOcclusion,34,34,Display_B_Back,Display_B_Back_C2_R2,0.75,0.5,0.1,1,Display_B_Back,0.74,0.462,Correct,1,0,0,0,1,0,124.27,124.993,0.723,2026-05-20T14:51:15.7234210+09:00,Logs/Quest/t1_results_P000_S000_20260520_145043.csv
P000,S000,MainTask,ConditionA,RaycastBaseline,StrongOcclusion,35,35,Display_B_Back,Display_B_Back_C1_R3,0.25,0.78,0.1,1,Display_B_Back,0.26,0.789,Correct,1,0,0,0,1,0,124.993,125.773,0.78,2026-05-20T14:51:16.5030770+09:00,Logs/Quest/t1_results_P000_S000_20260520_145043.csv
P000,S000,MainTask,ConditionA,RaycastBaseline,StrongOcclusion,36,36,Display_B_Back,Display_B_Back_C2_R3,0.75,0.78,0.1,1,Display_B_Back,0.787,0.752,Correct,1,0,0,0,1,0,125.773,126.734,0.961,2026-05-20T14:51:17.4645710+09:00,Logs/Quest/t1_results_P000_S000_20260520_145043.csv
P000,S000,MainTask,ConditionA,RaycastBaseline,StrongOcclusion,37,37,Display_A_Front,Display_A_Front_C1_R1,0.25,0.22,0.1,1,Display_A_Front,0.266,0.268,Correct,1,0,0,0,1,0,126.734,127.945,1.21,2026-05-20T14:51:18.6747130+09:00,Logs/Quest/t1_results_P000_S000_20260520_145043.csv
P000,S000,MainTask,ConditionA,RaycastBaseline,StrongOcclusion,38,38,Display_A_Front,Display_A_Front_C2_R1,0.75,0.22,0.1,2,Display_A_Front,0.735,0.216,Correct,1,0,0,0,1,0,127.945,128.822,0.877,2026-05-20T14:51:19.5523060+09:00,Logs/Quest/t1_results_P000_S000_20260520_145043.csv
P000,S000,MainTask,ConditionA,RaycastBaseline,StrongOcclusion,39,39,Display_A_Front,Display_A_Front_C1_R2,0.25,0.5,0.1,1,Display_A_Front,0.214,0.469,Correct,1,0,0,0,1,0,128.822,129.657,0.835,2026-05-20T14:51:20.3871310+09:00,Logs/Quest/t1_results_P000_S000_20260520_145043.csv
P000,S000,MainTask,ConditionA,RaycastBaseline,StrongOcclusion,40,40,Display_A_Front,Display_A_Front_C2_R2,0.75,0.5,0.1,1,Display_A_Front,0.742,0.533,Correct,1,0,0,0,1,0,129.657,130.285,0.627,2026-05-20T14:51:21.0148830+09:00,Logs/Quest/t1_results_P000_S000_20260520_145043.csv
P000,S000,MainTask,ConditionA,RaycastBaseline,StrongOcclusion,41,41,Display_A_Front,Display_A_Front_C1_R3,0.25,0.78,0.1,1,Display_A_Front,0.262,0.802,Correct,1,0,0,0,1,0,130.285,131.091,0.807,2026-05-20T14:51:21.8215300+09:00,Logs/Quest/t1_results_P000_S000_20260520_145043.csv
P000,S000,MainTask,ConditionA,RaycastBaseline,StrongOcclusion,42,42,Display_A_Front,Display_A_Front_C2_R3,0.75,0.78,0.1,1,Display_A_Front,0.751,0.768,Correct,1,0,0,0,1,0,131.091,131.746,0.654,2026-05-20T14:51:22.4757220+09:00,Logs/Quest/t1_results_P000_S000_20260520_145043.csv
P000,S000,MainTask,ConditionA,RaycastBaseline,StrongOcclusion,43,43,Display_B_Back,Display_B_Back_C1_R1,0.25,0.22,0.1,1,Display_B_Back,0.26,0.207,Correct,1,0,0,0,1,0,131.746,132.568,0.822,2026-05-20T14:51:23.2984060+09:00,Logs/Quest/t1_results_P000_S000_20260520_145043.csv
P000,S000,MainTask,ConditionA,RaycastBaseline,StrongOcclusion,44,44,Display_B_Back,Display_B_Back_C2_R1,0.75,0.22,0.1,1,Display_B_Back,0.756,0.198,Correct,1,0,0,0,1,0,132.568,133.417,0.849,2026-05-20T14:51:24.1472860+09:00,Logs/Quest/t1_results_P000_S000_20260520_145043.csv
P000,S000,MainTask,ConditionA,RaycastBaseline,StrongOcclusion,45,45,Display_B_Back,Display_B_Back_C1_R2,0.25,0.5,0.1,1,Display_B_Back,0.253,0.48,Correct,1,0,0,0,1,0,133.417,134.043,0.626,2026-05-20T14:51:24.7729710+09:00,Logs/Quest/t1_results_P000_S000_20260520_145043.csv
P000,S000,MainTask,ConditionA,RaycastBaseline,StrongOcclusion,46,46,Display_B_Back,Display_B_Back_C2_R2,0.75,0.5,0.1,1,Display_B_Back,0.733,0.466,Correct,1,0,0,0,1,0,134.043,134.823,0.78,2026-05-20T14:51:25.5528100+09:00,Logs/Quest/t1_results_P000_S000_20260520_145043.csv
P000,S000,MainTask,ConditionA,RaycastBaseline,StrongOcclusion,47,47,Display_B_Back,Display_B_Back_C1_R3,0.25,0.78,0.1,1,Display_B_Back,0.262,0.782,Correct,1,0,0,0,1,0,134.823,135.477,0.655,2026-05-20T14:51:26.2072330+09:00,Logs/Quest/t1_results_P000_S000_20260520_145043.csv
P000,S000,MainTask,ConditionA,RaycastBaseline,StrongOcclusion,48,48,Display_B_Back,Display_B_Back_C2_R3,0.75,0.78,0.1,1,Display_B_Back,0.731,0.806,Correct,1,0,0,0,1,0,135.477,136.271,0.793,2026-05-20T14:51:27.0008770+09:00,Logs/Quest/t1_results_P000_S000_20260520_145043.csv
P000,S000,MainTask,ConditionB,ExplicitDisplayFocus,StrongOcclusion,1,49,Display_A_Front,Display_A_Front_C1_R1,0.25,0.22,0.1,1,Display_A_Front,0.23,0.187,Correct,1,0,0,0,1,0,36.47,37.138,0.668,2026-05-20T15:13:00.4886970+09:00,Logs/Quest/t1_results_P000_S000_20260520_151255.csv
P000,S000,MainTask,ConditionB,ExplicitDisplayFocus,StrongOcclusion,2,50,Display_A_Front,Display_A_Front_C2_R1,0.75,0.22,0.1,1,Display_A_Front,0.766,0.224,Correct,1,0,0,0,1,0,37.138,38.878,1.74,2026-05-20T15:13:02.2297470+09:00,Logs/Quest/t1_results_P000_S000_20260520_151255.csv
P000,S000,MainTask,ConditionB,ExplicitDisplayFocus,StrongOcclusion,3,51,Display_A_Front,Display_A_Front_C1_R2,0.25,0.5,0.1,1,Display_A_Front,0.253,0.532,Correct,1,0,0,0,1,0,38.878,40.006,1.127,2026-05-20T15:13:03.3565750+09:00,Logs/Quest/t1_results_P000_S000_20260520_151255.csv
P000,S000,MainTask,ConditionB,ExplicitDisplayFocus,StrongOcclusion,4,52,Display_A_Front,Display_A_Front_C2_R2,0.75,0.5,0.1,1,Display_A_Front,0.755,0.51,Correct,1,0,0,0,1,0,40.006,41.203,1.198,2026-05-20T15:13:04.5544730+09:00,Logs/Quest/t1_results_P000_S000_20260520_151255.csv
P000,S000,MainTask,ConditionB,ExplicitDisplayFocus,StrongOcclusion,5,53,Display_A_Front,Display_A_Front_C1_R3,0.25,0.78,0.1,1,Display_A_Front,0.287,0.742,Correct,1,0,0,0,1,0,41.203,42.54,1.336,2026-05-20T15:13:05.8903280+09:00,Logs/Quest/t1_results_P000_S000_20260520_151255.csv
P000,S000,MainTask,ConditionB,ExplicitDisplayFocus,StrongOcclusion,6,54,Display_A_Front,Display_A_Front_C2_R3,0.75,0.78,0.1,1,Display_A_Front,0.76,0.796,Correct,1,0,0,0,1,0,42.54,43.472,0.932,2026-05-20T15:13:06.8226340+09:00,Logs/Quest/t1_results_P000_S000_20260520_151255.csv
P000,S000,MainTask,ConditionB,ExplicitDisplayFocus,StrongOcclusion,7,55,Display_B_Back,Display_B_Back_C1_R1,0.25,0.22,0.1,1,Display_B_Back,0.254,0.198,Correct,1,0,0,0,1,0,43.472,44.475,1.003,2026-05-20T15:13:07.8259770+09:00,Logs/Quest/t1_results_P000_S000_20260520_151255.csv
P000,S000,MainTask,ConditionB,ExplicitDisplayFocus,StrongOcclusion,8,56,Display_B_Back,Display_B_Back_C2_R1,0.75,0.22,0.1,2,Display_B_Back,0.746,0.2,Correct,1,0,0,0,1,0,44.475,46.688,2.214,2026-05-20T15:13:10.0394590+09:00,Logs/Quest/t1_results_P000_S000_20260520_151255.csv
P000,S000,MainTask,ConditionB,ExplicitDisplayFocus,StrongOcclusion,9,57,Display_B_Back,Display_B_Back_C1_R2,0.25,0.5,0.1,1,Display_B_Back,0.24,0.525,Correct,1,0,0,0,1,0,46.688,47.802,1.114,2026-05-20T15:13:11.1537560+09:00,Logs/Quest/t1_results_P000_S000_20260520_151255.csv
P000,S000,MainTask,ConditionB,ExplicitDisplayFocus,StrongOcclusion,10,58,Display_B_Back,Display_B_Back_C2_R2,0.75,0.5,0.1,1,Display_B_Back,0.738,0.496,Correct,1,0,0,0,1,0,47.802,48.638,0.836,2026-05-20T15:13:11.9888270+09:00,Logs/Quest/t1_results_P000_S000_20260520_151255.csv
P000,S000,MainTask,ConditionB,ExplicitDisplayFocus,StrongOcclusion,11,59,Display_B_Back,Display_B_Back_C1_R3,0.25,0.78,0.1,1,Display_B_Back,0.244,0.798,Correct,1,0,0,0,1,0,48.638,49.683,1.045,2026-05-20T15:13:13.0342010+09:00,Logs/Quest/t1_results_P000_S000_20260520_151255.csv
P000,S000,MainTask,ConditionB,ExplicitDisplayFocus,StrongOcclusion,12,60,Display_B_Back,Display_B_Back_C2_R3,0.75,0.78,0.1,1,Display_B_Back,0.743,0.787,Correct,1,0,0,0,1,0,49.683,50.642,0.96,2026-05-20T15:13:13.9934440+09:00,Logs/Quest/t1_results_P000_S000_20260520_151255.csv
P000,S000,MainTask,ConditionB,ExplicitDisplayFocus,StrongOcclusion,13,61,Display_A_Front,Display_A_Front_C1_R1,0.25,0.22,0.1,2,Display_A_Front,0.253,0.233,Correct,1,0,0,0,1,0,50.642,52.592,1.949,2026-05-20T15:13:15.9425770+09:00,Logs/Quest/t1_results_P000_S000_20260520_151255.csv
P000,S000,MainTask,ConditionB,ExplicitDisplayFocus,StrongOcclusion,14,62,Display_A_Front,Display_A_Front_C2_R1,0.75,0.22,0.1,1,Display_A_Front,0.759,0.216,Correct,1,0,0,0,1,0,52.592,53.581,0.989,2026-05-20T15:13:16.9321730+09:00,Logs/Quest/t1_results_P000_S000_20260520_151255.csv
P000,S000,MainTask,ConditionB,ExplicitDisplayFocus,StrongOcclusion,15,63,Display_A_Front,Display_A_Front_C1_R2,0.25,0.5,0.1,1,Display_A_Front,0.271,0.467,Correct,1,0,0,0,1,0,53.581,54.861,1.28,2026-05-20T15:13:18.2141190+09:00,Logs/Quest/t1_results_P000_S000_20260520_151255.csv
P000,S000,MainTask,ConditionB,ExplicitDisplayFocus,StrongOcclusion,16,64,Display_A_Front,Display_A_Front_C2_R2,0.75,0.5,0.1,1,Display_A_Front,0.733,0.501,Correct,1,0,0,0,1,0,54.861,56.199,1.337,2026-05-20T15:13:19.5494930+09:00,Logs/Quest/t1_results_P000_S000_20260520_151255.csv
P000,S000,MainTask,ConditionB,ExplicitDisplayFocus,StrongOcclusion,17,65,Display_A_Front,Display_A_Front_C1_R3,0.25,0.78,0.1,1,Display_A_Front,0.25,0.749,Correct,1,0,0,0,1,0,56.199,57.242,1.043,2026-05-20T15:13:20.5932560+09:00,Logs/Quest/t1_results_P000_S000_20260520_151255.csv
P000,S000,MainTask,ConditionB,ExplicitDisplayFocus,StrongOcclusion,18,66,Display_A_Front,Display_A_Front_C2_R3,0.75,0.78,0.1,1,Display_A_Front,0.755,0.756,Correct,1,0,0,0,1,0,57.242,58.105,0.863,2026-05-20T15:13:21.4561860+09:00,Logs/Quest/t1_results_P000_S000_20260520_151255.csv
P000,S000,MainTask,ConditionB,ExplicitDisplayFocus,StrongOcclusion,19,67,Display_B_Back,Display_B_Back_C1_R1,0.25,0.22,0.1,1,Display_B_Back,0.255,0.207,Correct,1,0,0,0,1,0,58.105,59.219,1.114,2026-05-20T15:13:22.5695820+09:00,Logs/Quest/t1_results_P000_S000_20260520_151255.csv
P000,S000,MainTask,ConditionB,ExplicitDisplayFocus,StrongOcclusion,20,68,Display_B_Back,Display_B_Back_C2_R1,0.75,0.22,0.1,2,Display_B_Back,0.748,0.228,Correct,1,0,0,0,1,0,59.219,60.903,1.685,2026-05-20T15:13:24.2545650+09:00,Logs/Quest/t1_results_P000_S000_20260520_151255.csv
P000,S000,MainTask,ConditionB,ExplicitDisplayFocus,StrongOcclusion,21,69,Display_B_Back,Display_B_Back_C1_R2,0.25,0.5,0.1,1,Display_B_Back,0.257,0.516,Correct,1,0,0,0,1,0,60.903,61.67,0.766,2026-05-20T15:13:25.0208340+09:00,Logs/Quest/t1_results_P000_S000_20260520_151255.csv
P000,S000,MainTask,ConditionB,ExplicitDisplayFocus,StrongOcclusion,22,70,Display_B_Back,Display_B_Back_C2_R2,0.75,0.5,0.1,1,Display_B_Back,0.756,0.494,Correct,1,0,0,0,1,0,61.67,62.588,0.918,2026-05-20T15:13:25.9392980+09:00,Logs/Quest/t1_results_P000_S000_20260520_151255.csv
P000,S000,MainTask,ConditionB,ExplicitDisplayFocus,StrongOcclusion,23,71,Display_B_Back,Display_B_Back_C1_R3,0.25,0.78,0.1,1,Display_B_Back,0.243,0.773,Correct,1,0,0,0,1,0,62.588,63.325,0.737,2026-05-20T15:13:26.6758150+09:00,Logs/Quest/t1_results_P000_S000_20260520_151255.csv
P000,S000,MainTask,ConditionB,ExplicitDisplayFocus,StrongOcclusion,24,72,Display_B_Back,Display_B_Back_C2_R3,0.75,0.78,0.1,1,Display_B_Back,0.768,0.757,Correct,1,0,0,0,1,0,63.325,64.384,1.059,2026-05-20T15:13:27.7352520+09:00,Logs/Quest/t1_results_P000_S000_20260520_151255.csv
P000,S000,MainTask,ConditionB,ExplicitDisplayFocus,StrongOcclusion,25,73,Display_A_Front,Display_A_Front_C1_R1,0.25,0.22,0.1,1,Display_A_Front,0.253,0.217,Correct,1,0,0,0,1,0,64.384,65.985,1.601,2026-05-20T15:13:29.3365430+09:00,Logs/Quest/t1_results_P000_S000_20260520_151255.csv
P000,S000,MainTask,ConditionB,ExplicitDisplayFocus,StrongOcclusion,26,74,Display_A_Front,Display_A_Front_C2_R1,0.75,0.22,0.1,1,Display_A_Front,0.76,0.213,Correct,1,0,0,0,1,0,65.985,66.973,0.988,2026-05-20T15:13:30.3246000+09:00,Logs/Quest/t1_results_P000_S000_20260520_151255.csv
P000,S000,MainTask,ConditionB,ExplicitDisplayFocus,StrongOcclusion,27,75,Display_A_Front,Display_A_Front_C1_R2,0.25,0.5,0.1,1,Display_A_Front,0.255,0.508,Correct,1,0,0,0,1,0,66.973,67.837,0.863,2026-05-20T15:13:31.1875340+09:00,Logs/Quest/t1_results_P000_S000_20260520_151255.csv
P000,S000,MainTask,ConditionB,ExplicitDisplayFocus,StrongOcclusion,28,76,Display_A_Front,Display_A_Front_C2_R2,0.75,0.5,0.1,1,Display_A_Front,0.745,0.517,Correct,1,0,0,0,1,0,67.837,68.672,0.835,2026-05-20T15:13:32.0230420+09:00,Logs/Quest/t1_results_P000_S000_20260520_151255.csv
P000,S000,MainTask,ConditionB,ExplicitDisplayFocus,StrongOcclusion,29,77,Display_A_Front,Display_A_Front_C1_R3,0.25,0.78,0.1,1,Display_A_Front,0.238,0.784,Correct,1,0,0,0,1,0,68.672,69.814,1.142,2026-05-20T15:13:33.1656290+09:00,Logs/Quest/t1_results_P000_S000_20260520_151255.csv
P000,S000,MainTask,ConditionB,ExplicitDisplayFocus,StrongOcclusion,30,78,Display_A_Front,Display_A_Front_C2_R3,0.75,0.78,0.1,1,Display_A_Front,0.751,0.777,Correct,1,0,0,0,1,0,69.814,70.677,0.862,2026-05-20T15:13:34.0276880+09:00,Logs/Quest/t1_results_P000_S000_20260520_151255.csv
P000,S000,MainTask,ConditionB,ExplicitDisplayFocus,StrongOcclusion,31,79,Display_B_Back,Display_B_Back_C1_R1,0.25,0.22,0.1,1,Display_B_Back,0.24,0.201,Correct,1,0,0,0,1,0,70.677,71.54,0.864,2026-05-20T15:13:34.8913160+09:00,Logs/Quest/t1_results_P000_S000_20260520_151255.csv
P000,S000,MainTask,ConditionB,ExplicitDisplayFocus,StrongOcclusion,32,80,Display_B_Back,Display_B_Back_C2_R1,0.75,0.22,0.1,2,Display_B_Back,0.739,0.223,Correct,1,0,0,0,1,0,71.54,72.723,1.183,2026-05-20T15:13:36.0743500+09:00,Logs/Quest/t1_results_P000_S000_20260520_151255.csv
P000,S000,MainTask,ConditionB,ExplicitDisplayFocus,StrongOcclusion,33,81,Display_B_Back,Display_B_Back_C1_R2,0.25,0.5,0.1,1,Display_B_Back,0.245,0.514,Correct,1,0,0,0,1,0,72.723,73.434,0.711,2026-05-20T15:13:36.7851200+09:00,Logs/Quest/t1_results_P000_S000_20260520_151255.csv
P000,S000,MainTask,ConditionB,ExplicitDisplayFocus,StrongOcclusion,34,82,Display_B_Back,Display_B_Back_C2_R2,0.75,0.5,0.1,1,Display_B_Back,0.755,0.488,Correct,1,0,0,0,1,0,73.434,74.632,1.198,2026-05-20T15:13:37.9828560+09:00,Logs/Quest/t1_results_P000_S000_20260520_151255.csv
P000,S000,MainTask,ConditionB,ExplicitDisplayFocus,StrongOcclusion,35,83,Display_B_Back,Display_B_Back_C1_R3,0.25,0.78,0.1,1,Display_B_Back,0.25,0.778,Correct,1,0,0,0,1,0,74.632,75.55,0.918,2026-05-20T15:13:38.9011780+09:00,Logs/Quest/t1_results_P000_S000_20260520_151255.csv
P000,S000,MainTask,ConditionB,ExplicitDisplayFocus,StrongOcclusion,36,84,Display_B_Back,Display_B_Back_C2_R3,0.75,0.78,0.1,1,Display_B_Back,0.768,0.798,Correct,1,0,0,0,1,0,75.55,76.414,0.864,2026-05-20T15:13:39.7650230+09:00,Logs/Quest/t1_results_P000_S000_20260520_151255.csv
P000,S000,MainTask,ConditionB,ExplicitDisplayFocus,StrongOcclusion,37,85,Display_A_Front,Display_A_Front_C1_R1,0.25,0.22,0.1,1,Display_A_Front,0.276,0.226,Correct,1,0,0,0,1,0,76.414,78.697,2.283,2026-05-20T15:13:42.0475170+09:00,Logs/Quest/t1_results_P000_S000_20260520_151255.csv
P000,S000,MainTask,ConditionB,ExplicitDisplayFocus,StrongOcclusion,38,86,Display_A_Front,Display_A_Front_C2_R1,0.75,0.22,0.1,1,Display_A_Front,0.751,0.224,Correct,1,0,0,0,1,0,78.697,79.463,0.766,2026-05-20T15:13:42.8137080+09:00,Logs/Quest/t1_results_P000_S000_20260520_151255.csv
P000,S000,MainTask,ConditionB,ExplicitDisplayFocus,StrongOcclusion,39,87,Display_A_Front,Display_A_Front_C1_R2,0.25,0.5,0.1,1,Display_A_Front,0.242,0.501,Correct,1,0,0,0,1,0,79.463,80.339,0.876,2026-05-20T15:13:43.6899850+09:00,Logs/Quest/t1_results_P000_S000_20260520_151255.csv
P000,S000,MainTask,ConditionB,ExplicitDisplayFocus,StrongOcclusion,40,88,Display_A_Front,Display_A_Front_C2_R2,0.75,0.5,0.1,1,Display_A_Front,0.746,0.519,Correct,1,0,0,0,1,0,80.339,81.3,0.96,2026-05-20T15:13:44.6503210+09:00,Logs/Quest/t1_results_P000_S000_20260520_151255.csv
P000,S000,MainTask,ConditionB,ExplicitDisplayFocus,StrongOcclusion,41,89,Display_A_Front,Display_A_Front_C1_R3,0.25,0.78,0.1,1,Display_A_Front,0.248,0.76,Correct,1,0,0,0,1,0,81.3,82.051,0.752,2026-05-20T15:13:45.4023840+09:00,Logs/Quest/t1_results_P000_S000_20260520_151255.csv
P000,S000,MainTask,ConditionB,ExplicitDisplayFocus,StrongOcclusion,42,90,Display_A_Front,Display_A_Front_C2_R3,0.75,0.78,0.1,1,Display_A_Front,0.757,0.772,Correct,1,0,0,0,1,0,82.051,82.984,0.933,2026-05-20T15:13:46.3349310+09:00,Logs/Quest/t1_results_P000_S000_20260520_151255.csv
P000,S000,MainTask,ConditionB,ExplicitDisplayFocus,StrongOcclusion,43,91,Display_B_Back,Display_B_Back_C1_R1,0.25,0.22,0.1,1,Display_B_Back,0.267,0.226,Correct,1,0,0,0,1,0,82.984,84.6,1.616,2026-05-20T15:13:47.9504480+09:00,Logs/Quest/t1_results_P000_S000_20260520_151255.csv
P000,S000,MainTask,ConditionB,ExplicitDisplayFocus,StrongOcclusion,44,92,Display_B_Back,Display_B_Back_C2_R1,0.75,0.22,0.1,1,Display_B_Back,0.738,0.235,Correct,1,0,0,0,1,0,84.6,85.601,1.002,2026-05-20T15:13:48.9523180+09:00,Logs/Quest/t1_results_P000_S000_20260520_151255.csv
P000,S000,MainTask,ConditionB,ExplicitDisplayFocus,StrongOcclusion,45,93,Display_B_Back,Display_B_Back_C1_R2,0.25,0.5,0.1,1,Display_B_Back,0.252,0.486,Correct,1,0,0,0,1,0,85.601,86.549,0.947,2026-05-20T15:13:49.8996730+09:00,Logs/Quest/t1_results_P000_S000_20260520_151255.csv
P000,S000,MainTask,ConditionB,ExplicitDisplayFocus,StrongOcclusion,46,94,Display_B_Back,Display_B_Back_C2_R2,0.75,0.5,0.1,1,Display_B_Back,0.748,0.533,Correct,1,0,0,0,1,0,86.549,87.509,0.961,2026-05-20T15:13:50.8602550+09:00,Logs/Quest/t1_results_P000_S000_20260520_151255.csv
P000,S000,MainTask,ConditionB,ExplicitDisplayFocus,StrongOcclusion,47,95,Display_B_Back,Display_B_Back_C1_R3,0.25,0.78,0.1,1,Display_B_Back,0.267,0.787,Correct,1,0,0,0,1,0,87.509,89.696,2.187,2026-05-20T15:13:53.0468800+09:00,Logs/Quest/t1_results_P000_S000_20260520_151255.csv
P000,S000,MainTask,ConditionB,ExplicitDisplayFocus,StrongOcclusion,48,96,Display_B_Back,Display_B_Back_C2_R3,0.75,0.78,0.1,1,Display_B_Back,0.749,0.781,Correct,1,0,0,0,1,0,89.696,91.115,1.419,2026-05-20T15:13:54.4655560+09:00,Logs/Quest/t1_results_P000_S000_20260520_151255.csv
P000,S000,MainTask,ConditionA,RaycastBaseline,StrongOcclusion,1,1,Display_A_Front,Display_A_Front_C1_R1,0.25,0.22,0.1,1,Display_A_Front,0.249,0.179,Correct,1,0,0,0,1,0,203.705,204.332,0.627,2026-05-20T15:15:47.6829530+09:00,Logs/Quest/t1_results_P000_S000_20260520_151543.csv
P000,S000,MainTask,ConditionA,RaycastBaseline,StrongOcclusion,2,2,Display_A_Front,Display_A_Front_C2_R1,0.75,0.22,0.1,2,Display_A_Front,0.796,0.26,Correct,1,0,0,0,1,0,204.332,205.544,1.212,2026-05-20T15:15:48.8949220+09:00,Logs/Quest/t1_results_P000_S000_20260520_151543.csv
P000,S000,MainTask,ConditionA,RaycastBaseline,StrongOcclusion,3,3,Display_A_Front,Display_A_Front_C1_R2,0.25,0.5,0.1,2,Display_A_Front,0.266,0.47,Correct,1,0,0,0,1,0,205.544,206.88,1.336,2026-05-20T15:15:50.2305240+09:00,Logs/Quest/t1_results_P000_S000_20260520_151543.csv
P000,S000,MainTask,ConditionA,RaycastBaseline,StrongOcclusion,4,4,Display_A_Front,Display_A_Front_C2_R2,0.75,0.5,0.1,1,Display_A_Front,0.74,0.459,Correct,1,0,0,0,1,0,206.88,207.73,0.85,2026-05-20T15:15:51.0806780+09:00,Logs/Quest/t1_results_P000_S000_20260520_151543.csv
P000,S000,MainTask,ConditionA,RaycastBaseline,StrongOcclusion,5,5,Display_A_Front,Display_A_Front_C1_R3,0.25,0.78,0.1,1,Display_A_Front,0.27,0.777,Correct,1,0,0,0,1,0,207.73,208.509,0.78,2026-05-20T15:15:51.8604170+09:00,Logs/Quest/t1_results_P000_S000_20260520_151543.csv
P000,S000,MainTask,ConditionA,RaycastBaseline,StrongOcclusion,6,6,Display_A_Front,Display_A_Front_C2_R3,0.75,0.78,0.1,1,Display_A_Front,0.794,0.743,Correct,1,0,0,0,1,0,208.509,209.024,0.515,2026-05-20T15:15:52.3759800+09:00,Logs/Quest/t1_results_P000_S000_20260520_151543.csv
P000,S000,MainTask,ConditionA,RaycastBaseline,StrongOcclusion,7,7,Display_B_Back,Display_B_Back_C1_R1,0.25,0.22,0.1,1,Display_B_Back,0.275,0.197,Correct,1,0,0,0,1,0,209.024,209.873,0.849,2026-05-20T15:15:53.2244630+09:00,Logs/Quest/t1_results_P000_S000_20260520_151543.csv
P000,S000,MainTask,ConditionA,RaycastBaseline,StrongOcclusion,8,8,Display_B_Back,Display_B_Back_C2_R1,0.75,0.22,0.1,2,Display_B_Back,0.772,0.202,Correct,1,0,0,0,1,0,209.873,211.057,1.184,2026-05-20T15:15:54.4075330+09:00,Logs/Quest/t1_results_P000_S000_20260520_151543.csv
P000,S000,MainTask,ConditionA,RaycastBaseline,StrongOcclusion,9,9,Display_B_Back,Display_B_Back_C1_R2,0.25,0.5,0.1,4,Display_B_Back,0.245,0.468,Correct,1,0,0,0,1,0,211.057,213.298,2.242,2026-05-20T15:15:56.6488880+09:00,Logs/Quest/t1_results_P000_S000_20260520_151543.csv
P000,S000,MainTask,ConditionA,RaycastBaseline,StrongOcclusion,10,10,Display_B_Back,Display_B_Back_C2_R2,0.75,0.5,0.1,1,Display_B_Back,0.742,0.508,Correct,1,0,0,0,1,0,213.298,216.639,3.341,2026-05-20T15:15:59.9900270+09:00,Logs/Quest/t1_results_P000_S000_20260520_151543.csv
P000,S000,MainTask,ConditionA,RaycastBaseline,StrongOcclusion,1,1,Display_A_Front,Display_A_Front_C1_R1,0.25,0.22,0.1,1,Display_A_Front,0.24,0.2,Correct,1,0,0,0,1,0,21.463,22.604,1.141,2026-05-20T15:59:02.9376760+09:00,Logs/Quest/t1_results_P000_S000_20260520_155857.csv
P000,S000,MainTask,ConditionA,RaycastBaseline,StrongOcclusion,2,2,Display_A_Front,Display_A_Front_C2_R1,0.75,0.22,0.1,1,Display_A_Front,0.739,0.191,Correct,1,0,0,0,1,0,22.604,23.633,1.03,2026-05-20T15:59:03.9671440+09:00,Logs/Quest/t1_results_P000_S000_20260520_155857.csv
P000,S000,MainTask,ConditionA,RaycastBaseline,StrongOcclusion,3,3,Display_A_Front,Display_A_Front_C1_R2,0.25,0.5,0.1,1,Display_A_Front,0.246,0.477,Correct,1,0,0,0,1,0,23.633,24.482,0.849,2026-05-20T15:59:04.8161320+09:00,Logs/Quest/t1_results_P000_S000_20260520_155857.csv
P000,S000,MainTask,ConditionA,RaycastBaseline,StrongOcclusion,4,4,Display_A_Front,Display_A_Front_C2_R2,0.75,0.5,0.1,1,Display_A_Front,0.764,0.522,Correct,1,0,0,0,1,0,24.482,25.277,0.794,2026-05-20T15:59:05.6108590+09:00,Logs/Quest/t1_results_P000_S000_20260520_155857.csv
P000,S000,MainTask,ConditionA,RaycastBaseline,StrongOcclusion,5,5,Display_A_Front,Display_A_Front_C1_R3,0.25,0.78,0.1,1,Display_A_Front,0.255,0.737,Correct,1,0,0,0,1,0,25.277,26.07,0.793,2026-05-20T15:59:06.4036890+09:00,Logs/Quest/t1_results_P000_S000_20260520_155857.csv
P000,S000,MainTask,ConditionA,RaycastBaseline,StrongOcclusion,6,6,Display_A_Front,Display_A_Front_C2_R3,0.75,0.78,0.1,1,Display_A_Front,0.741,0.745,Correct,1,0,0,0,1,0,26.07,26.794,0.724,2026-05-20T15:59:07.1283000+09:00,Logs/Quest/t1_results_P000_S000_20260520_155857.csv
P000,S000,MainTask,ConditionA,RaycastBaseline,StrongOcclusion,7,7,Display_B_Back,Display_B_Back_C1_R1,0.25,0.22,0.1,2,Display_B_Back,0.224,0.173,Correct,1,0,0,0,1,0,26.794,28.45,1.656,2026-05-20T15:59:08.7841160+09:00,Logs/Quest/t1_results_P000_S000_20260520_155857.csv
P000,S000,MainTask,ConditionA,RaycastBaseline,StrongOcclusion,8,8,Display_B_Back,Display_B_Back_C2_R1,0.75,0.22,0.1,1,Display_B_Back,0.736,0.242,Correct,1,0,0,0,1,0,28.45,29.271,0.822,2026-05-20T15:59:09.6055310+09:00,Logs/Quest/t1_results_P000_S000_20260520_155857.csv
P000,S000,MainTask,ConditionA,RaycastBaseline,StrongOcclusion,9,9,Display_B_Back,Display_B_Back_C1_R2,0.25,0.5,0.1,1,Display_B_Back,0.238,0.477,Correct,1,0,0,0,1,0,29.271,30.023,0.752,2026-05-20T15:59:10.3571520+09:00,Logs/Quest/t1_results_P000_S000_20260520_155857.csv
P000,S000,MainTask,ConditionA,RaycastBaseline,StrongOcclusion,10,10,Display_B_Back,Display_B_Back_C2_R2,0.75,0.5,0.1,1,Display_B_Back,0.747,0.486,Correct,1,0,0,0,1,0,30.023,30.872,0.849,2026-05-20T15:59:11.2058680+09:00,Logs/Quest/t1_results_P000_S000_20260520_155857.csv
P000,S000,MainTask,ConditionA,RaycastBaseline,StrongOcclusion,11,11,Display_B_Back,Display_B_Back_C1_R3,0.25,0.78,0.1,1,Display_B_Back,0.274,0.753,Correct,1,0,0,0,1,0,30.872,31.819,0.947,2026-05-20T15:59:12.1526490+09:00,Logs/Quest/t1_results_P000_S000_20260520_155857.csv
P000,S000,MainTask,ConditionA,RaycastBaseline,StrongOcclusion,12,12,Display_B_Back,Display_B_Back_C2_R3,0.75,0.78,0.1,1,Display_B_Back,0.748,0.791,Correct,1,0,0,0,1,0,31.819,32.543,0.724,2026-05-20T15:59:12.8772480+09:00,Logs/Quest/t1_results_P000_S000_20260520_155857.csv
P000,S000,MainTask,ConditionA,RaycastBaseline,StrongOcclusion,13,13,Display_A_Front,Display_A_Front_C1_R1,0.25,0.22,0.1,1,Display_A_Front,0.265,0.235,Correct,1,0,0,0,1,0,32.543,34.102,1.559,2026-05-20T15:59:14.4355680+09:00,Logs/Quest/t1_results_P000_S000_20260520_155857.csv
P000,S000,MainTask,ConditionA,RaycastBaseline,StrongOcclusion,14,14,Display_A_Front,Display_A_Front_C2_R1,0.75,0.22,0.1,1,Display_A_Front,0.743,0.24,Correct,1,0,0,0,1,0,34.102,34.895,0.794,2026-05-20T15:59:15.2292630+09:00,Logs/Quest/t1_results_P000_S000_20260520_155857.csv
P000,S000,MainTask,ConditionA,RaycastBaseline,StrongOcclusion,15,15,Display_A_Front,Display_A_Front_C1_R2,0.25,0.5,0.1,1,Display_A_Front,0.258,0.478,Correct,1,0,0,0,1,0,34.895,35.73,0.835,2026-05-20T15:59:16.0648470+09:00,Logs/Quest/t1_results_P000_S000_20260520_155857.csv
P000,S000,MainTask,ConditionA,RaycastBaseline,StrongOcclusion,16,16,Display_A_Front,Display_A_Front_C2_R2,0.75,0.5,0.1,1,Display_A_Front,0.75,0.523,Correct,1,0,0,0,1,0,35.73,36.58,0.849,2026-05-20T15:59:16.9135170+09:00,Logs/Quest/t1_results_P000_S000_20260520_155857.csv
P000,S000,MainTask,ConditionA,RaycastBaseline,StrongOcclusion,17,17,Display_A_Front,Display_A_Front_C1_R3,0.25,0.78,0.1,1,Display_A_Front,0.253,0.761,Correct,1,0,0,0,1,0,36.58,37.47,0.891,2026-05-20T15:59:17.8045320+09:00,Logs/Quest/t1_results_P000_S000_20260520_155857.csv
P000,S000,MainTask,ConditionA,RaycastBaseline,StrongOcclusion,18,18,Display_A_Front,Display_A_Front_C2_R3,0.75,0.78,0.1,1,Display_A_Front,0.745,0.777,Correct,1,0,0,0,1,0,37.47,38.25,0.78,2026-05-20T15:59:18.5839300+09:00,Logs/Quest/t1_results_P000_S000_20260520_155857.csv
P000,S000,MainTask,ConditionA,RaycastBaseline,StrongOcclusion,19,19,Display_B_Back,Display_B_Back_C1_R1,0.25,0.22,0.1,1,Display_B_Back,0.28,0.197,Correct,1,0,0,0,1,0,38.25,38.988,0.738,2026-05-20T15:59:19.3216640+09:00,Logs/Quest/t1_results_P000_S000_20260520_155857.csv
P000,S000,MainTask,ConditionA,RaycastBaseline,StrongOcclusion,20,20,Display_B_Back,Display_B_Back_C2_R1,0.75,0.22,0.1,1,Display_B_Back,0.74,0.191,Correct,1,0,0,0,1,0,38.988,39.67,0.682,2026-05-20T15:59:20.0040510+09:00,Logs/Quest/t1_results_P000_S000_20260520_155857.csv
P000,S000,MainTask,ConditionA,RaycastBaseline,StrongOcclusion,21,21,Display_B_Back,Display_B_Back_C1_R2,0.25,0.5,0.1,1,Display_B_Back,0.215,0.476,Correct,1,0,0,0,1,0,39.67,40.408,0.738,2026-05-20T15:59:20.7418480+09:00,Logs/Quest/t1_results_P000_S000_20260520_155857.csv
P000,S000,MainTask,ConditionA,RaycastBaseline,StrongOcclusion,22,22,Display_B_Back,Display_B_Back_C2_R2,0.75,0.5,0.1,1,Display_B_Back,0.764,0.48,Correct,1,0,0,0,1,0,40.408,41.145,0.737,2026-05-20T15:59:21.4799810+09:00,Logs/Quest/t1_results_P000_S000_20260520_155857.csv
P000,S000,MainTask,ConditionA,RaycastBaseline,StrongOcclusion,23,23,Display_B_Back,Display_B_Back_C1_R3,0.25,0.78,0.1,1,Display_B_Back,0.236,0.775,Correct,1,0,0,0,1,0,41.145,41.938,0.793,2026-05-20T15:59:22.2721390+09:00,Logs/Quest/t1_results_P000_S000_20260520_155857.csv
P000,S000,MainTask,ConditionA,RaycastBaseline,StrongOcclusion,24,24,Display_B_Back,Display_B_Back_C2_R3,0.75,0.78,0.1,1,Display_B_Back,0.738,0.778,Correct,1,0,0,0,1,0,41.938,42.69,0.752,2026-05-20T15:59:23.0246680+09:00,Logs/Quest/t1_results_P000_S000_20260520_155857.csv
P000,S000,MainTask,ConditionA,RaycastBaseline,StrongOcclusion,25,25,Display_A_Front,Display_A_Front_C1_R1,0.25,0.22,0.1,1,Display_A_Front,0.249,0.254,Correct,1,0,0,0,1,0,42.69,43.651,0.96,2026-05-20T15:59:23.9849780+09:00,Logs/Quest/t1_results_P000_S000_20260520_155857.csv
P000,S000,MainTask,ConditionA,RaycastBaseline,StrongOcclusion,26,26,Display_A_Front,Display_A_Front_C2_R1,0.75,0.22,0.1,1,Display_A_Front,0.754,0.256,Correct,1,0,0,0,1,0,43.651,44.556,0.905,2026-05-20T15:59:24.8895440+09:00,Logs/Quest/t1_results_P000_S000_20260520_155857.csv
P000,S000,MainTask,ConditionA,RaycastBaseline,StrongOcclusion,27,27,Display_A_Front,Display_A_Front_C1_R2,0.25,0.5,0.1,1,Display_A_Front,0.257,0.493,Correct,1,0,0,0,1,0,44.556,45.586,1.03,2026-05-20T15:59:25.9200910+09:00,Logs/Quest/t1_results_P000_S000_20260520_155857.csv
P000,S000,MainTask,ConditionA,RaycastBaseline,StrongOcclusion,28,28,Display_A_Front,Display_A_Front_C2_R2,0.75,0.5,0.1,1,Display_A_Front,0.761,0.473,Correct,1,0,0,0,1,0,45.586,46.268,0.682,2026-05-20T15:59:26.6017720+09:00,Logs/Quest/t1_results_P000_S000_20260520_155857.csv
P000,S000,MainTask,ConditionA,RaycastBaseline,StrongOcclusion,29,29,Display_A_Front,Display_A_Front_C1_R3,0.25,0.78,0.1,1,Display_A_Front,0.251,0.754,Correct,1,0,0,0,1,0,46.268,47.146,0.878,2026-05-20T15:59:27.4794980+09:00,Logs/Quest/t1_results_P000_S000_20260520_155857.csv
P000,S000,MainTask,ConditionA,RaycastBaseline,StrongOcclusion,30,30,Display_A_Front,Display_A_Front_C2_R3,0.75,0.78,0.1,1,Display_A_Front,0.733,0.73,Correct,1,0,0,0,1,0,47.146,47.938,0.793,2026-05-20T15:59:28.2722680+09:00,Logs/Quest/t1_results_P000_S000_20260520_155857.csv
P000,S000,MainTask,ConditionA,RaycastBaseline,StrongOcclusion,31,31,Display_B_Back,Display_B_Back_C1_R1,0.25,0.22,0.1,1,Display_B_Back,0.263,0.195,Correct,1,0,0,0,1,0,47.938,48.774,0.835,2026-05-20T15:59:29.1076530+09:00,Logs/Quest/t1_results_P000_S000_20260520_155857.csv
P000,S000,MainTask,ConditionA,RaycastBaseline,StrongOcclusion,32,32,Display_B_Back,Display_B_Back_C2_R1,0.75,0.22,0.1,1,Display_B_Back,0.742,0.222,Correct,1,0,0,0,1,0,48.774,49.414,0.64,2026-05-20T15:59:29.7478480+09:00,Logs/Quest/t1_results_P000_S000_20260520_155857.csv
P000,S000,MainTask,ConditionA,RaycastBaseline,StrongOcclusion,33,33,Display_B_Back,Display_B_Back_C1_R2,0.25,0.5,0.1,2,Display_B_Back,0.274,0.493,Correct,1,0,0,0,1,0,49.414,50.431,1.017,2026-05-20T15:59:30.7643590+09:00,Logs/Quest/t1_results_P000_S000_20260520_155857.csv
P000,S000,MainTask,ConditionA,RaycastBaseline,StrongOcclusion,34,34,Display_B_Back,Display_B_Back_C2_R2,0.75,0.5,0.1,1,Display_B_Back,0.761,0.494,Correct,1,0,0,0,1,0,50.431,51.14,0.71,2026-05-20T15:59:31.4741210+09:00,Logs/Quest/t1_results_P000_S000_20260520_155857.csv
P000,S000,MainTask,ConditionA,RaycastBaseline,StrongOcclusion,35,35,Display_B_Back,Display_B_Back_C1_R3,0.25,0.78,0.1,1,Display_B_Back,0.264,0.77,Correct,1,0,0,0,1,0,51.14,51.906,0.765,2026-05-20T15:59:32.2396780+09:00,Logs/Quest/t1_results_P000_S000_20260520_155857.csv
P000,S000,MainTask,ConditionA,RaycastBaseline,StrongOcclusion,36,36,Display_B_Back,Display_B_Back_C2_R3,0.75,0.78,0.1,1,Display_B_Back,0.755,0.766,Correct,1,0,0,0,1,0,51.906,52.644,0.738,2026-05-20T15:59:32.9781580+09:00,Logs/Quest/t1_results_P000_S000_20260520_155857.csv
P000,S000,MainTask,ConditionA,RaycastBaseline,StrongOcclusion,37,37,Display_A_Front,Display_A_Front_C1_R1,0.25,0.22,0.1,1,Display_A_Front,0.236,0.246,Correct,1,0,0,0,1,0,52.644,53.674,1.03,2026-05-20T15:59:34.0074400+09:00,Logs/Quest/t1_results_P000_S000_20260520_155857.csv
P000,S000,MainTask,ConditionA,RaycastBaseline,StrongOcclusion,38,38,Display_A_Front,Display_A_Front_C2_R1,0.75,0.22,0.1,1,Display_A_Front,0.71,0.242,Correct,1,0,0,0,1,0,53.674,54.677,1.003,2026-05-20T15:59:35.0106140+09:00,Logs/Quest/t1_results_P000_S000_20260520_155857.csv
P000,S000,MainTask,ConditionA,RaycastBaseline,StrongOcclusion,39,39,Display_A_Front,Display_A_Front_C1_R2,0.25,0.5,0.1,1,Display_A_Front,0.226,0.467,Correct,1,0,0,0,1,0,54.677,55.762,1.086,2026-05-20T15:59:36.0961640+09:00,Logs/Quest/t1_results_P000_S000_20260520_155857.csv
P000,S000,MainTask,ConditionA,RaycastBaseline,StrongOcclusion,40,40,Display_A_Front,Display_A_Front_C2_R2,0.75,0.5,0.1,1,Display_A_Front,0.735,0.522,Correct,1,0,0,0,1,0,55.762,56.681,0.918,2026-05-20T15:59:37.0145940+09:00,Logs/Quest/t1_results_P000_S000_20260520_155857.csv
P000,S000,MainTask,ConditionA,RaycastBaseline,StrongOcclusion,41,41,Display_A_Front,Display_A_Front_C1_R3,0.25,0.78,0.1,1,Display_A_Front,0.233,0.757,Correct,1,0,0,0,1,0,56.681,57.363,0.682,2026-05-20T15:59:37.6967650+09:00,Logs/Quest/t1_results_P000_S000_20260520_155857.csv
P000,S000,MainTask,ConditionA,RaycastBaseline,StrongOcclusion,42,42,Display_A_Front,Display_A_Front_C2_R3,0.75,0.78,0.1,1,Display_A_Front,0.735,0.772,Correct,1,0,0,0,1,0,57.363,58.239,0.877,2026-05-20T15:59:38.5730370+09:00,Logs/Quest/t1_results_P000_S000_20260520_155857.csv
P000,S000,MainTask,ConditionA,RaycastBaseline,StrongOcclusion,43,43,Display_B_Back,Display_B_Back_C1_R1,0.25,0.22,0.1,1,Display_B_Back,0.25,0.266,Correct,1,0,0,0,1,0,58.239,59.186,0.946,2026-05-20T15:59:39.5197790+09:00,Logs/Quest/t1_results_P000_S000_20260520_155857.csv
P000,S000,MainTask,ConditionA,RaycastBaseline,StrongOcclusion,44,44,Display_B_Back,Display_B_Back_C2_R1,0.75,0.22,0.1,1,Display_B_Back,0.76,0.225,Correct,1,0,0,0,1,0,59.186,59.965,0.78,2026-05-20T15:59:40.2993860+09:00,Logs/Quest/t1_results_P000_S000_20260520_155857.csv
P000,S000,MainTask,ConditionA,RaycastBaseline,StrongOcclusion,45,45,Display_B_Back,Display_B_Back_C1_R2,0.25,0.5,0.1,1,Display_B_Back,0.251,0.512,Correct,1,0,0,0,1,0,59.965,60.982,1.016,2026-05-20T15:59:41.3157390+09:00,Logs/Quest/t1_results_P000_S000_20260520_155857.csv
P000,S000,MainTask,ConditionA,RaycastBaseline,StrongOcclusion,46,46,Display_B_Back,Display_B_Back_C2_R2,0.75,0.5,0.1,1,Display_B_Back,0.745,0.479,Correct,1,0,0,0,1,0,60.982,61.705,0.723,2026-05-20T15:59:42.0390410+09:00,Logs/Quest/t1_results_P000_S000_20260520_155857.csv
P000,S000,MainTask,ConditionA,RaycastBaseline,StrongOcclusion,47,47,Display_B_Back,Display_B_Back_C1_R3,0.25,0.78,0.1,1,Display_B_Back,0.249,0.789,Correct,1,0,0,0,1,0,61.705,62.528,0.823,2026-05-20T15:59:42.8614490+09:00,Logs/Quest/t1_results_P000_S000_20260520_155857.csv
P000,S000,MainTask,ConditionA,RaycastBaseline,StrongOcclusion,48,48,Display_B_Back,Display_B_Back_C2_R3,0.75,0.78,0.1,1,Display_B_Back,0.749,0.745,Correct,1,0,0,0,1,0,62.528,63.334,0.807,2026-05-20T15:59:43.6680210+09:00,Logs/Quest/t1_results_P000_S000_20260520_155857.csv
P000,S000,MainTask,ConditionB,ExplicitDisplayFocus,StrongOcclusion,1,49,Display_A_Front,Display_A_Front_C1_R1,0.25,0.22,0.1,1,Display_A_Front,0.237,0.206,Correct,1,0,0,0,1,0,78.341,79.955,1.614,2026-05-20T16:00:00.2888690+09:00,Logs/Quest/t1_results_P000_S000_20260520_155953.csv
P000,S000,MainTask,ConditionB,ExplicitDisplayFocus,StrongOcclusion,2,50,Display_A_Front,Display_A_Front_C2_R1,0.75,0.22,0.1,1,Display_A_Front,0.76,0.225,Correct,1,0,0,0,1,0,79.955,80.972,1.017,2026-05-20T16:00:01.3059250+09:00,Logs/Quest/t1_results_P000_S000_20260520_155953.csv
P000,S000,MainTask,ConditionB,ExplicitDisplayFocus,StrongOcclusion,3,51,Display_A_Front,Display_A_Front_C1_R2,0.25,0.5,0.1,1,Display_A_Front,0.241,0.499,Correct,1,0,0,0,1,0,80.972,82.223,1.251,2026-05-20T16:00:02.5594530+09:00,Logs/Quest/t1_results_P000_S000_20260520_155953.csv
P000,S000,MainTask,ConditionB,ExplicitDisplayFocus,StrongOcclusion,4,52,Display_A_Front,Display_A_Front_C2_R2,0.75,0.5,0.1,1,Display_A_Front,0.764,0.51,Correct,1,0,0,0,1,0,82.223,83.018,0.794,2026-05-20T16:00:03.3514660+09:00,Logs/Quest/t1_results_P000_S000_20260520_155953.csv
P000,S000,MainTask,ConditionB,ExplicitDisplayFocus,StrongOcclusion,5,53,Display_A_Front,Display_A_Front_C1_R3,0.25,0.78,0.1,1,Display_A_Front,0.253,0.802,Correct,1,0,0,0,1,0,83.018,84.034,1.016,2026-05-20T16:00:04.3674770+09:00,Logs/Quest/t1_results_P000_S000_20260520_155953.csv
P000,S000,MainTask,ConditionB,ExplicitDisplayFocus,StrongOcclusion,6,54,Display_A_Front,Display_A_Front_C2_R3,0.75,0.78,0.1,1,Display_A_Front,0.749,0.807,Correct,1,0,0,0,1,0,84.034,84.98,0.947,2026-05-20T16:00:05.3141960+09:00,Logs/Quest/t1_results_P000_S000_20260520_155953.csv
P000,S000,MainTask,ConditionB,ExplicitDisplayFocus,StrongOcclusion,7,55,Display_B_Back,Display_B_Back_C1_R1,0.25,0.22,0.1,1,Display_B_Back,0.247,0.223,Correct,1,0,0,0,1,0,84.98,86.038,1.058,2026-05-20T16:00:06.3720380+09:00,Logs/Quest/t1_results_P000_S000_20260520_155953.csv
P000,S000,MainTask,ConditionB,ExplicitDisplayFocus,StrongOcclusion,8,56,Display_B_Back,Display_B_Back_C2_R1,0.75,0.22,0.1,1,Display_B_Back,0.764,0.189,Correct,1,0,0,0,1,0,86.038,87.013,0.974,2026-05-20T16:00:07.3464860+09:00,Logs/Quest/t1_results_P000_S000_20260520_155953.csv
P000,S000,MainTask,ConditionB,ExplicitDisplayFocus,StrongOcclusion,9,57,Display_B_Back,Display_B_Back_C1_R2,0.25,0.5,0.1,1,Display_B_Back,0.239,0.474,Correct,1,0,0,0,1,0,87.013,87.862,0.849,2026-05-20T16:00:08.1958110+09:00,Logs/Quest/t1_results_P000_S000_20260520_155953.csv
P000,S000,MainTask,ConditionB,ExplicitDisplayFocus,StrongOcclusion,10,58,Display_B_Back,Display_B_Back_C2_R2,0.75,0.5,0.1,1,Display_B_Back,0.746,0.526,Correct,1,0,0,0,1,0,87.862,88.81,0.948,2026-05-20T16:00:09.1434300+09:00,Logs/Quest/t1_results_P000_S000_20260520_155953.csv
P000,S000,MainTask,ConditionB,ExplicitDisplayFocus,StrongOcclusion,11,59,Display_B_Back,Display_B_Back_C1_R3,0.25,0.78,0.1,1,Display_B_Back,0.256,0.782,Correct,1,0,0,0,1,0,88.81,89.7,0.89,2026-05-20T16:00:10.0334240+09:00,Logs/Quest/t1_results_P000_S000_20260520_155953.csv
P000,S000,MainTask,ConditionB,ExplicitDisplayFocus,StrongOcclusion,12,60,Display_B_Back,Display_B_Back_C2_R3,0.75,0.78,0.1,1,Display_B_Back,0.752,0.791,Correct,1,0,0,0,1,0,89.7,90.813,1.113,2026-05-20T16:00:11.1468870+09:00,Logs/Quest/t1_results_P000_S000_20260520_155953.csv
P000,S000,MainTask,ConditionB,ExplicitDisplayFocus,StrongOcclusion,13,61,Display_A_Front,Display_A_Front_C1_R1,0.25,0.22,0.1,1,Display_A_Front,0.269,0.231,Correct,1,0,0,0,1,0,90.813,91.801,0.988,2026-05-20T16:00:12.1354360+09:00,Logs/Quest/t1_results_P000_S000_20260520_155953.csv
P000,S000,MainTask,ConditionB,ExplicitDisplayFocus,StrongOcclusion,14,62,Display_A_Front,Display_A_Front_C2_R1,0.75,0.22,0.1,1,Display_A_Front,0.767,0.192,Correct,1,0,0,0,1,0,91.801,92.832,1.031,2026-05-20T16:00:13.1661010+09:00,Logs/Quest/t1_results_P000_S000_20260520_155953.csv
P000,S000,MainTask,ConditionB,ExplicitDisplayFocus,StrongOcclusion,15,63,Display_A_Front,Display_A_Front_C1_R2,0.25,0.5,0.1,1,Display_A_Front,0.249,0.536,Correct,1,0,0,0,1,0,92.832,93.89,1.058,2026-05-20T16:00:14.2235470+09:00,Logs/Quest/t1_results_P000_S000_20260520_155953.csv
P000,S000,MainTask,ConditionB,ExplicitDisplayFocus,StrongOcclusion,16,64,Display_A_Front,Display_A_Front_C2_R2,0.75,0.5,0.1,1,Display_A_Front,0.761,0.525,Correct,1,0,0,0,1,0,93.89,94.738,0.848,2026-05-20T16:00:15.0714780+09:00,Logs/Quest/t1_results_P000_S000_20260520_155953.csv
P000,S000,MainTask,ConditionB,ExplicitDisplayFocus,StrongOcclusion,17,65,Display_A_Front,Display_A_Front_C1_R3,0.25,0.78,0.1,1,Display_A_Front,0.255,0.782,Correct,1,0,0,0,1,0,94.738,95.755,1.017,2026-05-20T16:00:16.0890330+09:00,Logs/Quest/t1_results_P000_S000_20260520_155953.csv
P000,S000,MainTask,ConditionB,ExplicitDisplayFocus,StrongOcclusion,18,66,Display_A_Front,Display_A_Front_C2_R3,0.75,0.78,0.1,1,Display_A_Front,0.758,0.785,Correct,1,0,0,0,1,0,95.755,96.687,0.932,2026-05-20T16:00:17.0207550+09:00,Logs/Quest/t1_results_P000_S000_20260520_155953.csv
P000,S000,MainTask,ConditionB,ExplicitDisplayFocus,StrongOcclusion,19,67,Display_B_Back,Display_B_Back_C1_R1,0.25,0.22,0.1,1,Display_B_Back,0.257,0.222,Correct,1,0,0,0,1,0,96.687,97.648,0.962,2026-05-20T16:00:17.9822570+09:00,Logs/Quest/t1_results_P000_S000_20260520_155953.csv
P000,S000,MainTask,ConditionB,ExplicitDisplayFocus,StrongOcclusion,20,68,Display_B_Back,Display_B_Back_C2_R1,0.75,0.22,0.1,1,Display_B_Back,0.747,0.206,Correct,1,0,0,0,1,0,97.648,98.512,0.863,2026-05-20T16:00:18.8459250+09:00,Logs/Quest/t1_results_P000_S000_20260520_155953.csv
P000,S000,MainTask,ConditionB,ExplicitDisplayFocus,StrongOcclusion,21,69,Display_B_Back,Display_B_Back_C1_R2,0.25,0.5,0.1,1,Display_B_Back,0.254,0.488,Correct,1,0,0,0,1,0,98.512,99.876,1.365,2026-05-20T16:00:20.2099560+09:00,Logs/Quest/t1_results_P000_S000_20260520_155953.csv
P000,S000,MainTask,ConditionB,ExplicitDisplayFocus,StrongOcclusion,22,70,Display_B_Back,Display_B_Back_C2_R2,0.75,0.5,0.1,1,Display_B_Back,0.757,0.505,Correct,1,0,0,0,1,0,99.876,101.03,1.154,2026-05-20T16:00:21.3638260+09:00,Logs/Quest/t1_results_P000_S000_20260520_155953.csv
P000,S000,MainTask,ConditionB,ExplicitDisplayFocus,StrongOcclusion,23,71,Display_B_Back,Display_B_Back_C1_R3,0.25,0.78,0.1,1,Display_B_Back,0.269,0.81,Correct,1,0,0,0,1,0,101.03,102.158,1.129,2026-05-20T16:00:22.4924210+09:00,Logs/Quest/t1_results_P000_S000_20260520_155953.csv
P000,S000,MainTask,ConditionB,ExplicitDisplayFocus,StrongOcclusion,24,72,Display_B_Back,Display_B_Back_C2_R3,0.75,0.78,0.1,1,Display_B_Back,0.733,0.749,Correct,1,0,0,0,1,0,102.158,103.105,0.946,2026-05-20T16:00:23.4389770+09:00,Logs/Quest/t1_results_P000_S000_20260520_155953.csv
P000,S000,MainTask,ConditionB,ExplicitDisplayFocus,StrongOcclusion,25,73,Display_A_Front,Display_A_Front_C1_R1,0.25,0.22,0.1,1,Display_A_Front,0.235,0.236,Correct,1,0,0,0,1,0,103.105,104.526,1.421,2026-05-20T16:00:24.8599370+09:00,Logs/Quest/t1_results_P000_S000_20260520_155953.csv
P000,S000,MainTask,ConditionB,ExplicitDisplayFocus,StrongOcclusion,26,74,Display_A_Front,Display_A_Front_C2_R1,0.75,0.22,0.1,1,Display_A_Front,0.736,0.232,Correct,1,0,0,0,1,0,104.526,105.471,0.945,2026-05-20T16:00:25.8049720+09:00,Logs/Quest/t1_results_P000_S000_20260520_155953.csv
P000,S000,MainTask,ConditionB,ExplicitDisplayFocus,StrongOcclusion,27,75,Display_A_Front,Display_A_Front_C1_R2,0.25,0.5,0.1,1,Display_A_Front,0.252,0.512,Correct,1,0,0,0,1,0,105.471,106.669,1.198,2026-05-20T16:00:27.0025980+09:00,Logs/Quest/t1_results_P000_S000_20260520_155953.csv
P000,S000,MainTask,ConditionB,ExplicitDisplayFocus,StrongOcclusion,28,76,Display_A_Front,Display_A_Front_C2_R2,0.75,0.5,0.1,1,Display_A_Front,0.742,0.51,Correct,1,0,0,0,1,0,106.669,107.615,0.946,2026-05-20T16:00:27.9483370+09:00,Logs/Quest/t1_results_P000_S000_20260520_155953.csv
P000,S000,MainTask,ConditionB,ExplicitDisplayFocus,StrongOcclusion,29,77,Display_A_Front,Display_A_Front_C1_R3,0.25,0.78,0.1,1,Display_A_Front,0.254,0.783,Correct,1,0,0,0,1,0,107.615,108.465,0.85,2026-05-20T16:00:28.7984010+09:00,Logs/Quest/t1_results_P000_S000_20260520_155953.csv
P000,S000,MainTask,ConditionB,ExplicitDisplayFocus,StrongOcclusion,30,78,Display_A_Front,Display_A_Front_C2_R3,0.75,0.78,0.1,1,Display_A_Front,0.773,0.794,Correct,1,0,0,0,1,0,108.465,109.537,1.072,2026-05-20T16:00:29.8705080+09:00,Logs/Quest/t1_results_P000_S000_20260520_155953.csv
P000,S000,MainTask,ConditionB,ExplicitDisplayFocus,StrongOcclusion,31,79,Display_B_Back,Display_B_Back_C1_R1,0.25,0.22,0.1,1,Display_B_Back,0.26,0.215,Correct,1,0,0,0,1,0,109.537,110.565,1.029,2026-05-20T16:00:30.8991780+09:00,Logs/Quest/t1_results_P000_S000_20260520_155953.csv
P000,S000,MainTask,ConditionB,ExplicitDisplayFocus,StrongOcclusion,32,80,Display_B_Back,Display_B_Back_C2_R1,0.75,0.22,0.1,1,Display_B_Back,0.749,0.198,Correct,1,0,0,0,1,0,110.565,111.401,0.836,2026-05-20T16:00:31.7355150+09:00,Logs/Quest/t1_results_P000_S000_20260520_155953.csv
P000,S000,MainTask,ConditionB,ExplicitDisplayFocus,StrongOcclusion,33,81,Display_B_Back,Display_B_Back_C1_R2,0.25,0.5,0.1,1,Display_B_Back,0.256,0.485,Correct,1,0,0,0,1,0,111.401,112.293,0.892,2026-05-20T16:00:32.6271240+09:00,Logs/Quest/t1_results_P000_S000_20260520_155953.csv
P000,S000,MainTask,ConditionB,ExplicitDisplayFocus,StrongOcclusion,34,82,Display_B_Back,Display_B_Back_C2_R2,0.75,0.5,0.1,1,Display_B_Back,0.743,0.487,Correct,1,0,0,0,1,0,112.293,113.183,0.89,2026-05-20T16:00:33.5169850+09:00,Logs/Quest/t1_results_P000_S000_20260520_155953.csv
P000,S000,MainTask,ConditionB,ExplicitDisplayFocus,StrongOcclusion,35,83,Display_B_Back,Display_B_Back_C1_R3,0.25,0.78,0.1,1,Display_B_Back,0.257,0.76,Correct,1,0,0,0,1,0,113.183,114.129,0.946,2026-05-20T16:00:34.4627580+09:00,Logs/Quest/t1_results_P000_S000_20260520_155953.csv
P000,S000,MainTask,ConditionB,ExplicitDisplayFocus,StrongOcclusion,36,84,Display_B_Back,Display_B_Back_C2_R3,0.75,0.78,0.1,1,Display_B_Back,0.753,0.789,Correct,1,0,0,0,1,0,114.129,115.202,1.073,2026-05-20T16:00:35.5357210+09:00,Logs/Quest/t1_results_P000_S000_20260520_155953.csv
P000,S000,MainTask,ConditionB,ExplicitDisplayFocus,StrongOcclusion,37,85,Display_A_Front,Display_A_Front_C1_R1,0.25,0.22,0.1,1,Display_A_Front,0.265,0.183,Correct,1,0,0,0,1,0,115.202,116.817,1.615,2026-05-20T16:00:37.1506930+09:00,Logs/Quest/t1_results_P000_S000_20260520_155953.csv
P000,S000,MainTask,ConditionB,ExplicitDisplayFocus,StrongOcclusion,38,86,Display_A_Front,Display_A_Front_C2_R1,0.75,0.22,0.1,1,Display_A_Front,0.769,0.202,Correct,1,0,0,0,1,0,116.817,117.888,1.071,2026-05-20T16:00:38.2220470+09:00,Logs/Quest/t1_results_P000_S000_20260520_155953.csv
P000,S000,MainTask,ConditionB,ExplicitDisplayFocus,StrongOcclusion,39,87,Display_A_Front,Display_A_Front_C1_R2,0.25,0.5,0.1,1,Display_A_Front,0.242,0.535,Correct,1,0,0,0,1,0,117.888,118.848,0.96,2026-05-20T16:00:39.1816120+09:00,Logs/Quest/t1_results_P000_S000_20260520_155953.csv
P000,S000,MainTask,ConditionB,ExplicitDisplayFocus,StrongOcclusion,40,88,Display_A_Front,Display_A_Front_C2_R2,0.75,0.5,0.1,1,Display_A_Front,0.763,0.492,Correct,1,0,0,0,1,0,118.848,119.837,0.989,2026-05-20T16:00:40.1705940+09:00,Logs/Quest/t1_results_P000_S000_20260520_155953.csv
P000,S000,MainTask,ConditionB,ExplicitDisplayFocus,StrongOcclusion,41,89,Display_A_Front,Display_A_Front_C1_R3,0.25,0.78,0.1,1,Display_A_Front,0.254,0.801,Correct,1,0,0,0,1,0,119.837,120.743,0.906,2026-05-20T16:00:41.0763510+09:00,Logs/Quest/t1_results_P000_S000_20260520_155953.csv
P000,S000,MainTask,ConditionB,ExplicitDisplayFocus,StrongOcclusion,42,90,Display_A_Front,Display_A_Front_C2_R3,0.75,0.78,0.1,1,Display_A_Front,0.776,0.795,Correct,1,0,0,0,1,0,120.743,121.661,0.918,2026-05-20T16:00:41.9945100+09:00,Logs/Quest/t1_results_P000_S000_20260520_155953.csv
P000,S000,MainTask,ConditionB,ExplicitDisplayFocus,StrongOcclusion,43,91,Display_B_Back,Display_B_Back_C1_R1,0.25,0.22,0.1,1,Display_B_Back,0.27,0.197,Correct,1,0,0,0,1,0,121.661,122.747,1.086,2026-05-20T16:00:43.0805460+09:00,Logs/Quest/t1_results_P000_S000_20260520_155953.csv
P000,S000,MainTask,ConditionB,ExplicitDisplayFocus,StrongOcclusion,44,92,Display_B_Back,Display_B_Back_C2_R1,0.75,0.22,0.1,1,Display_B_Back,0.734,0.196,Correct,1,0,0,0,1,0,122.747,124.209,1.462,2026-05-20T16:00:44.5423950+09:00,Logs/Quest/t1_results_P000_S000_20260520_155953.csv
P000,S000,MainTask,ConditionB,ExplicitDisplayFocus,StrongOcclusion,45,93,Display_B_Back,Display_B_Back_C1_R2,0.25,0.5,0.1,1,Display_B_Back,0.247,0.493,Correct,1,0,0,0,1,0,124.209,125.113,0.905,2026-05-20T16:00:45.4469040+09:00,Logs/Quest/t1_results_P000_S000_20260520_155953.csv
P000,S000,MainTask,ConditionB,ExplicitDisplayFocus,StrongOcclusion,46,94,Display_B_Back,Display_B_Back_C2_R2,0.75,0.5,0.1,1,Display_B_Back,0.766,0.486,Correct,1,0,0,0,1,0,125.113,126.06,0.947,2026-05-20T16:00:46.3936650+09:00,Logs/Quest/t1_results_P000_S000_20260520_155953.csv
P000,S000,MainTask,ConditionB,ExplicitDisplayFocus,StrongOcclusion,47,95,Display_B_Back,Display_B_Back_C1_R3,0.25,0.78,0.1,1,Display_B_Back,0.254,0.75,Correct,1,0,0,0,1,0,126.06,127.73,1.67,2026-05-20T16:00:48.0639460+09:00,Logs/Quest/t1_results_P000_S000_20260520_155953.csv
P000,S000,MainTask,ConditionB,ExplicitDisplayFocus,StrongOcclusion,48,96,Display_B_Back,Display_B_Back_C2_R3,0.75,0.78,0.1,1,Display_B_Back,0.762,0.76,Correct,1,0,0,0,1,0,127.73,128.676,0.946,2026-05-20T16:00:49.0100050+09:00,Logs/Quest/t1_results_P000_S000_20260520_155953.csv
